Quest,,,,,,,,,,,,,,,,,,,,,
,,,,,,,,,,,,,,,,,,,,,
DAY,MONTH,YEAR,Date, GL Legal  , GL IDS , GL BUS , GL LCH , GL App , GL LGL Espanol , GL Fee , BING LGL , BING IDS , FACEBOOK LGL , Other LCH , Other LGL Espanol , Total LGL , Total IDS , Total BUS , Total LCH , Total Legal Espanol , Grand Total 
,,,7/1/2018," $20,861.67 "," $6,904.76 ", $815.92 , $811.04 , $117.61 ,," $1,000.00 ",,,,,," $21,734.75 "," $7,099.98 ", $848.29 , $827.98 ,," $30,511.00 "
,,,7/2/2018," $37,829.40 "," $9,434.12 "," $1,834.98 "," $1,052.85 ", $102.26 ,," $1,000.00 ",,,,,," $38,687.13 "," $9,629.34 "," $1,867.35 "," $1,069.79 ",," $51,253.61 "
,,,7/3/2018," $31,669.56 "," $9,481.80 "," $1,625.91 ", $803.77 , $129.35 ,," $1,000.00 ",,,,,," $32,554.38 "," $9,677.02 "," $1,658.28 ", $820.71 ,," $44,710.38 "
,,,7/4/2018," $20,113.89 "," $8,251.46 ", $759.44 , $753.86 , $137.94 ,," $1,000.00 ",,,,,," $21,007.30 "," $8,446.68 ", $791.81 , $770.80 ,," $31,016.59 "
,,,7/5/2018," $32,229.23 "," $12,202.77 "," $1,350.37 ", $936.59 , $164.72 ,," $1,000.00 ",,,,,," $33,149.42 "," $12,397.99 "," $1,382.74 ", $953.53 ,," $47,883.68 "
,,,7/6/2018," $26,933.86 "," $12,527.02 "," $1,073.27 ", $932.36 , $201.93 ,," $1,000.00 ",,,,,," $27,891.26 "," $12,722.24 "," $1,105.64 ", $949.30 ,," $42,668.44 "
,,,7/7/2018," $16,987.27 "," $10,627.93 ", $841.68 , $719.60 , $180.20 ,," $1,000.00 ",,,,,," $17,922.94 "," $10,823.15 ", $874.05 , $736.54 ,," $30,356.68 "
,,,7/8/2018," $18,771.21 "," $10,974.91 ", $908.91 , $766.04 , $183.06 ,," $1,000.00 ",,,,,," $19,709.74 "," $11,170.13 ", $941.28 , $782.98 ,," $32,604.13 "
,,,7/9/2018," $33,012.22 "," $14,448.72 "," $1,628.81 "," $1,350.53 ", $107.17 ,," $1,000.00 ",,,,,," $33,874.86 "," $14,643.94 "," $1,661.18 "," $1,367.47 ",," $51,547.45 "
,,,7/10/2018," $31,453.27 "," $14,821.16 "," $1,271.90 "," $1,210.15 ", $72.14 ,," $1,000.00 ",,,,,," $32,280.88 "," $15,016.38 "," $1,304.27 "," $1,227.09 ",," $49,828.63 "
,,,7/11/2018," $30,447.48 "," $14,400.18 "," $1,053.77 "," $1,045.10 ", $168.84 ,," $1,000.00 ",,,,,," $31,371.78 "," $14,595.40 "," $1,086.14 "," $1,062.04 ",," $48,115.36 "
,,,7/12/2018," $27,771.53 "," $13,659.19 "," $1,074.86 "," $1,032.77 ", $249.40 ,," $1,000.00 ",,,,,," $28,776.40 "," $13,854.41 "," $1,107.23 "," $1,049.71 ",," $44,787.75 "
,,,7/13/2018," $26,106.31 "," $14,946.55 ", $919.74 , $901.14 , $80.68 ,," $1,000.00 ",,,,,," $26,942.47 "," $15,141.77 ", $952.11 , $918.08 ,," $43,954.42 "
,,,7/14/2018," $17,803.23 "," $13,571.76 ", $581.75 , $548.95 , $133.42 ,," $1,000.00 ",,,,,," $18,692.12 "," $13,766.98 ", $614.12 , $565.89 ,," $33,639.11 "
,,,7/15/2018," $19,103.79 "," $13,282.77 ", $617.98 , $895.65 , $154.78 ,," $1,000.00 ",,,,,," $20,014.05 "," $13,477.99 ", $650.35 , $912.59 ,," $35,054.97 "
,,,7/16/2018," $35,588.34 "," $16,365.35 "," $1,127.84 "," $1,270.76 ", $102.31 ,," $1,000.00 ",,,,,," $36,446.13 "," $16,560.57 "," $1,160.21 "," $1,287.70 ",," $55,454.60 "
,,,7/17/2018," $38,680.41 "," $13,781.02 "," $1,324.64 "," $1,510.41 ", $92.60 ,," $1,000.00 ",,,,,," $39,528.48 "," $13,976.24 "," $1,357.01 "," $1,527.35 ",," $56,389.08 "
,,,7/18/2018," $37,274.00 "," $12,554.90 "," $1,344.24 "," $1,470.23 ", $146.84 ,," $1,000.00 ",,,,,," $38,176.31 "," $12,750.12 "," $1,376.61 "," $1,487.17 ",," $53,790.21 "
,,,7/19/2018," $34,997.23 "," $11,559.77 ", $650.69 ," $1,001.06 ", $227.24 ,," $1,000.00 ",,,,,," $35,979.94 "," $11,754.99 ", $683.06 ," $1,018.00 ",," $49,435.99 "
,,,7/20/2018," $28,297.96 "," $9,573.19 ", $260.88 , $654.60 , $171.63 ,," $1,000.00 ",,,,,," $29,225.06 "," $9,768.41 ", $293.25 , $671.54 ,," $39,958.26 "
,,,7/21/2018," $17,999.80 "," $6,155.09 ", $90.63 , $214.46 , $92.85 ,," $1,000.00 ",,,,,," $18,848.12 "," $6,350.31 ", $123.00 , $231.40 ,," $25,552.83 "
,,,7/22/2018," $15,160.02 "," $7,006.35 ", $149.24 , $199.69 , $98.58 ,," $1,000.00 ",,,,,," $16,014.06 "," $7,201.57 ", $181.61 , $216.63 ,," $23,613.87 "
,,,7/23/2018," $37,208.52 "," $10,617.50 ", $296.17 , $720.55 , $83.28 ,," $1,000.00 ",,,,,," $38,047.27 "," $10,812.72 ", $328.54 , $737.49 ,," $49,926.02 "
,,,7/24/2018," $31,594.57 "," $9,516.34 ", $666.38 , $617.04 , $72.47 ,," $1,000.00 ",,,,,," $32,422.51 "," $9,711.56 ", $698.75 , $633.98 ,," $43,466.80 "
,,,7/25/2018," $25,900.62 "," $8,401.92 ", $753.10 , $331.30 , $101.55 ,," $1,000.00 ",,,,,," $26,757.64 "," $8,597.14 ", $785.47 , $348.24 ,," $36,488.48 "
,,,7/26/2018," $25,688.36 "," $7,456.71 ", $959.38 , $404.89 , $150.37 ,," $1,000.00 ",,,,,," $26,594.20 "," $7,651.93 ", $991.75 , $421.83 ,," $35,659.71 "
,,,7/27/2018," $22,619.50 "," $6,546.23 ", $784.84 , $176.15 , $63.67 ,," $1,000.00 ",,,,,," $23,438.64 "," $6,741.45 ", $817.21 , $193.09 ,," $31,190.39 "
,,,7/28/2018," $11,142.48 "," $4,542.50 ", $327.36 , $86.78 , $114.75 ,," $1,000.00 ",,,,,," $12,012.71 "," $4,737.72 ", $359.73 , $103.72 ,," $17,213.88 "
,,,7/29/2018," $16,113.82 "," $3,986.06 ", $423.78 , $98.87 , $115.51 ,," $1,000.00 ",,,,,," $16,984.80 "," $4,181.28 ", $456.15 , $115.81 ,," $21,738.04 "
,,,7/30/2018," $35,714.88 "," $9,173.71 "," $1,825.32 ", $318.71 , $138.94 ,," $1,000.00 ",,,,,," $36,609.29 "," $9,368.93 "," $1,857.69 ", $335.65 ,," $48,171.56 "
,,,7/31/2018," $22,741.07 "," $11,589.76 "," $1,166.17 ", $360.18 , $138.62 ,, $-   ," $41,600.00 "," $18,709.30 ",,,," $64,479.70 "," $30,299.06 "," $1,166.17 ", $360.18 ,," $96,305.10 "
,,,8/1/2018," $25,545.68 "," $8,393.86 ", $987.65 , $304.95 , $129.79 ,," $1,000.00 ", $-   , $704.00 , $-   , $-   ,," $26,430.94 "," $9,293.08 "," $1,020.02 ", $321.89 ,," $37,065.93 "
,,,8/2/2018,"$20,549.98 ","$7,687.81 ",$616.81 ,$223.70 ,$126.38 ,," $1,000.00 ",, $848.00 ,,,," $21,431.83 "," $8,731.03 ", $649.18 , $240.64 ,," $31,052.68 "
,,,8/3/2018," $18,728.94 "," $7,500.31 ", $654.65 , $247.34 , $216.36 ,," $1,000.00 ", $-   , $632.00 , $-   , $-   ,," $19,700.77 "," $8,327.53 ", $687.02 , $264.28 ,," $28,979.60 "
,,,8/4/2018," $8,489.74 "," $5,819.41 ", $225.07 , $115.24 , $238.91 ,," $1,000.00 ",, $648.00 ,,,," $9,484.12 "," $6,662.63 ", $257.44 , $132.18 ,," $16,536.37 "
,,,8/5/2018," $13,797.95 "," $5,616.79 ", $180.58 , $86.03 , $244.00 ,," $1,000.00 ",, $544.00 ,,,," $14,797.42 "," $6,356.01 ", $212.95 , $102.97 ,," $21,469.35 "
,,,8/6/2018," $28,724.17 "," $9,045.78 "," $1,645.96 ", $434.21 , $208.00 ,," $1,000.00 ",, $752.00 , $50.00 ,,," $29,687.64 "," $9,993.00 "," $1,728.33 ", $451.15 ,," $41,860.12 "
,,,8/7/2018," $25,433.82 "," $8,903.36 "," $1,925.82 ", $659.41 , $154.00 ,," $1,000.00 ", $400.00 , $848.00 , $100.00 ,,," $26,743.29 "," $9,946.58 "," $2,058.19 ", $676.35 ,," $39,424.41 "
,,,8/8/2018," $29,733.97 "," $9,076.21 "," $1,662.13 ", $587.24 , $145.00 ,," $1,000.00 ", $600.00 , $584.00 , $-   ,,," $31,234.44 "," $9,855.43 "," $1,694.50 ", $604.18 ,," $43,388.55 "
,,,8/9/2018," $22,184.15 "," $9,140.49 "," $1,516.51 ", $472.26 , $125.00 ,," $1,000.00 ", $800.00 , $624.00 , $-   ,,," $23,864.62 "," $9,959.71 "," $1,548.88 ", $489.20 ,," $35,862.41 "
,,,8/10/2018," $12,480.39 "," $8,772.06 "," $1,206.10 ", $240.70 , $102.00 ,," $1,000.00 ", $700.00 , $632.00 , $50.00 ,,," $14,037.86 "," $9,599.28 "," $1,288.47 ", $257.64 ,," $25,183.25 "
,,,8/11/2018," $5,323.12 "," $4,821.68 ", $295.12 , $67.47 , $105.00 ,," $1,000.00 ", $250.00 , $657.96 , $50.00 ,,," $6,433.59 "," $5,674.86 ", $377.49 , $84.41 ,," $12,570.35 "
,,,8/12/2018," $5,747.44 "," $4,099.74 ", $379.33 , $92.50 , $10.00 ,," $1,000.00 ", $200.00 , $714.00 , $-   ,,," $6,712.91 "," $5,008.96 ", $411.70 , $109.44 ,," $12,243.01 "
,,,8/13/2018," $17,828.86 "," $11,447.40 "," $1,869.89 ", $752.50 , $17.00 ,," $1,000.00 ", $800.00 ," $1,084.00 ", $50.00 ,,," $19,401.33 "," $12,726.62 "," $1,952.26 ", $769.44 ,," $34,849.65 "
,,,8/14/2018," $17,661.41 "," $9,460.71 "," $2,640.51 ", $649.00 , $109.00 ,," $1,000.00 ", $400.00 ," $1,055.60 ", $50.00 ,,," $18,925.88 "," $10,711.53 "," $2,722.88 ", $665.94 ,," $33,026.23 "
,,,8/15/2018," $17,625.71 "," $7,250.33 "," $2,662.09 ", $487.71 , $156.00 ,," $1,000.00 ", $400.00 , $784.00 , $-   ,,," $18,937.18 "," $8,229.55 "," $2,694.46 ", $504.65 , $-   ," $30,365.84 "
,,,8/16/2018," $15,169.85 "," $5,413.95 "," $2,016.33 ", $445.76 , $131.00 ,," $1,000.00 ", $400.00 , $934.00 , $-   ,,," $16,456.32 "," $6,543.17 "," $2,048.70 ", $462.70 , $-   ," $25,510.89 "
,,,8/17/2018," $14,077.65 "," $4,760.37 "," $2,054.62 ", $367.51 , $195.00 ,," $1,000.00 ", $700.00 ,$990.00 , $100.00 ,,," $15,728.12 "," $5,945.59 "," $2,186.99 ", $384.45 , $-   ," $24,245.15 "
,,,8/18/2018," $5,743.89 "," $2,129.88 ", $497.78 , $35.59 , $174.00 ,," $1,000.00 ", $200.00 , $634.00 , $-   ,,," $6,873.36 "," $2,959.10 ", $530.15 , $52.53 , $-   ," $10,415.14 "
,,,8/19/2018," $5,911.56 "," $2,115.43 ", $485.89 , $102.02 , $5.00 ,," $1,000.00 ", $400.00 , $103.00 , $-   ,,," $7,072.03 "," $2,413.65 ", $518.26 , $118.96 , $-   ," $10,122.90 "
,,,8/20/2018," $18,669.20 "," $5,740.45 "," $3,343.70 ", $748.21 , $16.00 ,," $1,000.00 ", $800.00 , $624.00 , $50.00 ,,," $20,240.67 "," $6,559.67 "," $3,426.07 ", $765.15 , $-   ," $30,991.56 "
,,,8/21/2018," $17,664.21 "," $5,472.15 "," $3,301.30 ", $626.14 , $139.00 ,," $1,000.00 "," $1,000.00 ", $632.00 , $200.00 ,,," $19,558.68 "," $6,299.37 "," $3,533.67 ", $643.08 , $-   ," $30,034.80 "
,,,8/22/2018," $18,007.27 "," $6,154.71 "," $2,870.95 ", $421.90 , $290.00 , $285.00 ," $1,000.00 ", $100.00 , $738.00 , $50.00 ,,," $19,152.74 "," $7,087.93 "," $2,953.32 ", $438.84 , $285.00 ," $29,917.83 "
,,,8/23/2018," $16,479.20 "," $6,018.11 "," $2,069.56 ", $371.16 , $158.00 , $287.00 ," $1,000.00 "," $1,100.00 ", $666.00 , $100.00 ,,," $18,492.67 "," $6,879.33 "," $2,201.93 ", $388.10 , $287.00 ," $28,249.03 "
,,,8/24/2018," $13,311.45 "," $5,147.14 "," $1,832.02 ", $173.02 , $94.00 , $339.00 ," $1,000.00 ", $600.00 ,$780.00 , $-   ,,," $14,760.92 "," $6,122.36 "," $1,864.39 ", $189.96 , $339.00 ," $23,276.63 "
,,,8/25/2018," $5,352.48 "," $2,048.61 ", $429.91 , $31.60 , $84.00 , $179.00 ," $1,000.00 ", $300.00 , $730.00 , $-   ,,," $6,491.95 "," $2,973.83 ", $462.28 , $48.54 , $179.00 ," $10,155.60 "
,,,8/26/2018," $5,528.11 "," $2,268.82 ", $608.11 , $45.42 , $63.65 , $154.47 ," $1,000.00 ", $100.00 , $512.00 , $-   ,,," $6,447.23 "," $2,976.04 ", $640.48 , $62.36 , $154.47 ," $10,280.58 "
,,,8/27/2018," $14,926.80 "," $5,345.97 "," $1,300.00 ", $-   , $69.05 , $413.98 ," $1,000.00 "," $1,000.00 ", $584.00 , $-   ,,," $16,751.32 "," $6,125.19 "," $1,332.37 ", $16.94 , $413.98 ," $24,639.80 "
,,,8/28/2018," $13,111.80 "," $4,575.40 ", $702.00 , $-   , $75.00 , $389.30 ," $1,000.00 "," $1,000.00 ", $697.98 , $50.00 ,,," $14,942.27 "," $5,468.60 ", $784.37 , $16.94 , $389.30 ," $21,601.48 "
,,,8/29/2018," $13,270.18 "," $2,266.28 ", $898.81 , $-   , $87.50 , $370.28 ," $1,000.00 ", $800.00 , $721.94 , $50.00 ,,," $14,913.15 "," $3,183.44 ", $981.18 , $16.94 , $370.28 ," $19,464.99 "
,,,8/30/2018," $12,172.30 "," $3,014.90 "," $1,046.50 ", $-   , $107.90 , $352.99 ," $1,000.00 "," $1,100.00 ", $843.50 ,,,," $14,135.67 "," $4,053.62 "," $1,078.87 ", $16.94 , $352.99 ," $19,638.09 "
,,,8/31/2018," $11,129.18 "," $2,091.00 ", $716.49 , $-   , $78.50 , $315.90 ," $1,000.00 ", $400.00 , $584.00 ,,,," $12,363.15 "," $2,870.22 ", $748.86 , $16.94 , $315.90 ," $16,315.07 "
,,,9/1/2018," $4,756.00 ", $615.00 , $242.90 , $-   , $87.50 , $152.50 ," $1,000.00 ", $300.00 , $579.99 ,,,," $5,898.97 "," $1,390.21 ", $275.27 , $16.94 , $152.50 ," $7,733.89 "
,,,9/2/2018," $4,238.00 ", $508.00 , $245.00 , $-   , $95.40 , $136.50 ," $1,000.00 ", $300.00 , $417.96 , $50.00 ,,," $5,388.87 "," $1,121.18 ", $327.37 , $16.94 , $136.50 ," $6,990.86 "
,,,9/3/2018," $7,392.90 "," $1,057.80 ", $423.00 , $-   , $106.00 , $173.00 ," $1,000.00 ", $600.00 , $520.00 ,,,," $8,854.37 "," $1,773.02 ", $455.37 , $16.94 , $173.00 ," $11,272.70 "
,,,9/4/2018," $14,000.26 "," $1,546.18 ", $840.86 , $-   , $109.00 , $460.00 ," $1,000.00 ", $700.00 , $844.00 ,,,," $15,564.73 "," $2,585.40 ", $873.23 , $16.94 , $460.00 ," $19,500.30 "
,,,9/5/2018," $16,804.00 "," $1,224.50 ", $975.89 , $182.47 , $88.00 , $327.00 ," $1,000.00 ", $900.00 , $243.94 , $50.00 ,,," $18,547.47 "," $1,663.66 "," $1,058.26 ", $199.41 , $327.00 ," $21,795.80 "
,,,9/6/2018," $12,835.40 "," $1,176.20 ", $888.90 , $351.60 , $102.00 , $196.00 ," $1,000.00 ", $200.00 , $-   , $100.00 ,,," $13,892.87 "," $1,371.42 "," $1,021.27 ", $368.54 , $196.00 ," $16,850.10 "
,,,9/7/2018," $10,754.31 "," $1,044.10 ", $828.49 , $240.60 , $92.94 , $145.19 ," $1,000.00 "," $1,000.00 ", $-   , $50.00 ,,," $12,602.72 "," $1,239.32 ", $910.86 , $257.54 , $145.19 ," $15,155.63 "
,,,9/8/2018," $4,643.29 ", $731.11 , $228.28 , $38.55 , $116.80 , $94.26 ," $1,000.00 ", $300.00 , $50.00 ,,,," $5,815.56 ", $976.33 , $260.65 , $55.49 , $94.26 ," $7,202.29 "
,,,9/9/2018," $4,450.11 ", $725.24 , $227.61 , $52.49 , $111.30 , $83.72 ," $1,000.00 ", $200.00 , $-   ,,,," $5,516.88 ", $920.46 , $259.98 , $69.43 , $83.72 ," $6,850.47 "
,,,9/10/2018," $12,516.44 "," $1,324.96 "," $1,204.79 ", $421.68 , $92.52 , $192.83 ," $1,000.00 ", $750.00 , $150.00 ,,,," $14,114.43 "," $1,670.18 "," $1,237.16 ", $438.62 , $192.83 ," $17,653.22 "
,,,9/11/2018," $11,979.19 "," $1,242.93 ", $914.31 , $594.14 , $82.45 , $171.99 ," $1,000.00 "," $1,000.00 ", $50.00 , $50.00 ,,," $13,817.11 "," $1,488.15 ", $996.68 , $611.08 , $171.99 ," $17,085.01 "
,,,9/12/2018," $10,792.24 "," $1,132.32 ", $902.56 , $571.70 , $99.43 , $195.13 ," $1,000.00 ", $800.00 , $100.00 , $50.00 ,,," $12,447.14 "," $1,427.54 ", $984.93 , $588.64 , $195.13 ," $15,643.38 "
,,,9/13/2018," $9,668.01 "," $1,144.70 "," $1,048.15 ", $554.60 , $157.90 , $112.70 ," $1,000.00 ", $600.00 , $39.96 ,,,," $11,181.38 "," $1,379.88 "," $1,080.52 ", $571.54 , $112.70 ," $14,326.02 "
,,,9/14/2018," $10,589.57 "," $1,204.46 ", $482.74 , $599.50 , $128.80 , $86.00 ," $1,000.00 ", $900.00 , $250.00 ,,,," $12,373.84 "," $1,649.68 ", $515.11 , $616.44 , $86.00 ," $15,241.07 "
,,,9/15/2018," $4,168.68 ", $774.44 , $50.51 , $57.87 , $122.71 , $69.22 ," $1,000.00 ", $200.00 , $-   ,,,," $5,246.86 ", $969.66 , $82.88 , $74.81 , $69.22 ," $6,443.43 "
,,,9/16/2018," $3,847.30 ", $826.98 , $44.57 , $119.43 , $133.52 , $95.67 ," $1,000.00 ", $200.00 , $-   ,,,," $4,936.29 "," $1,022.20 ", $76.94 , $136.37 , $95.67 ," $6,267.47 "
,,,9/17/2018," $12,563.56 "," $1,398.44 ", $205.07 ," $1,483.51 ", $84.42 , $225.09 ," $1,000.00 "," $1,050.00 ", $150.00 , $150.00 ,,," $14,453.45 "," $1,743.66 ", $387.44 ," $1,500.45 ", $225.09 ," $18,310.09 "
,,,9/18/2018," $10,931.63 ", $586.67 , $142.63 ," $1,124.21 ", $89.70 , $205.91 ," $1,000.00 ", $900.00 , $-   , $50.00 ,,," $12,676.80 ", $781.89 , $225.00 ," $1,141.15 ", $205.91 ," $15,030.75 "
,,,9/19/2018," $10,603.04 ", $516.05 , $118.40 ," $1,042.28 ", $90.80 , $214.59 ," $1,000.00 ", $500.00 , $-   , $50.00 ,,," $11,949.31 ", $711.27 , $200.77 ," $1,059.22 ", $214.59 ," $14,135.16 "
,,,9/20/2018," $9,365.89 ", $440.05 , $60.47 , $902.00 , $83.38 , $178.29 ," $1,000.00 ", $550.00 , $100.00 , $150.00 ,,," $10,754.74 ", $735.27 , $242.84 , $918.94 , $178.29 ," $12,830.08 "
,,,9/21/2018," $11,066.03 "," $1,136.51 ", $158.02 , $694.45 , $84.61 , $103.49 ," $1,000.00 ", $450.00 , $100.00 , $50.00 ,,," $12,356.11 "," $1,431.73 ", $240.39 , $711.39 , $103.49 ," $14,843.11 "
,,,9/22/2018," $4,476.32 ", $775.92 , $64.50 , $58.47 , $74.37 , $59.60 ," $1,000.00 ", $300.00 , $-   ,,,," $5,606.16 ", $971.14 , $96.87 , $75.41 , $59.60 ," $6,809.18 "
,,,9/23/2018," $5,129.13 ", $881.96 , $79.70 , $118.79 , $173.20 , $70.82 ," $1,000.00 ", $300.00 , $50.00 ,,,," $6,357.80 "," $1,127.18 ", $112.07 , $135.73 , $70.82 ," $7,803.60 "
,,,9/24/2018," $12,123.10 ", $580.39 , $224.74 ," $1,158.67 ", $180.13 , $155.97 ," $1,000.00 "," $1,100.00 ", $50.00 , $250.00 ,,," $14,158.70 ", $825.61 , $507.11 ," $1,175.61 ", $155.97 ," $16,823.00 "
,,,9/25/2018,"$13,329.20 ", $774.01 , $175.16 ," $1,026.18 ", $99.42 , $166.16 ," $1,000.00 ", $600.00 ,, $50.00 ,,," $14,784.09 ", $969.23 , $257.53 ," $1,043.12 ", $166.16 ," $17,220.13 "
,,,9/26/2018," $8,347.85 ", $551.00 , $152.25 , $401.88 , $66.11 , $139.06 ," $1,000.00 ", $700.00 , $100.00 , $50.00 ,,," $9,869.43 ", $846.22 , $234.62 , $418.82 , $139.06 ," $11,508.15 "
,,,9/27/2018," $6,339.01 ", $484.02 , $144.89 , $152.41 , $67.81 , $129.92 ," $1,000.00 "," $1,000.00 ", $150.00 , $50.00 ,,," $8,162.29 ", $829.24 , $227.26 , $169.35 , $129.92 ," $9,518.06 "
,,,9/28/2018," $5,741.98 ", $476.50 , $151.19 , $101.20 , $64.75 , $187.42 ," $1,000.00 ", $800.00 , $50.00 , $50.00 ,,," $7,362.20 ", $721.72 , $233.56 , $118.14 , $187.42 ," $8,623.04 "
,,,9/29/2018," $2,753.44 ", $454.73 , $27.40 , $10.81 , $176.05 , $104.23 ," $1,000.00 ", $500.00 , $50.00 , $50.00 ,,," $4,184.96 ", $699.95 , $109.77 , $27.75 , $104.23 ," $5,126.66 "
,,,9/30/2018," $2,774.60 ", $426.21 , $34.18 , $24.93 , $453.60 , $97.61 ," $1,000.00 ", $400.00 ,, $50.00 ,,," $4,383.67 ", $621.43 , $116.55 , $41.87 , $97.61 ," $5,261.13 "
,,,10/1/2018," $6,410.47 ", $709.00 , $213.26 , $158.33 , $82.11 , $279.04 ," $1,000.00 ",,,,,," $7,248.05 ", $904.22 , $245.63 , $175.27 , $279.04 ," $8,852.21 "
,,,10/2/2018," $6,336.71 ", $668.07 , $152.61 , $119.10 , $103.18 , $289.17 ," $1,000.00 ",,,,,," $7,195.36 ", $863.29 , $184.98 , $136.04 , $289.17 ," $8,668.84 "
,,,10/3/2018," $5,939.43 ", $486.87 , $302.66 , $121.32 , $146.93 , $202.35 ," $1,000.00 ",,,,,," $6,841.83 ", $682.09 , $335.03 , $138.26 , $202.35 ," $8,199.56 "
,,,10/4/2018," $6,634.99 ", $493.53 , $292.47 , $166.05 , $95.75 , $223.14 ," $1,000.00 ", $200.00 ,,,,," $7,686.21 ", $688.75 , $324.84 , $182.99 , $223.14 ," $9,105.93 "
,,,10/5/2018," $8,330.03 ", $492.78 , $259.27 , $85.30 , $69.65 , $354.93 ," $1,000.00 ", $300.00 , $50.00 ,,,," $9,455.15 ", $738.00 , $291.64 , $102.24 , $354.93 ," $10,941.96 "
,,,10/6/2018," $3,713.45 ", $465.74 , $51.42 , $2.77 , $85.60 , $221.33 ," $1,000.00 ", $100.00 , $-   ,,,," $4,654.52 ", $660.96 , $83.79 , $19.71 , $221.33 ," $5,640.31 "
,,,10/7/2018," $3,778.59 ", $471.71 , $33.84 , $9.53 , $129.18 , $159.63 ," $1,000.00 ", $-   ,,,,," $4,663.24 ", $666.93 , $66.21 , $26.47 , $159.63 ," $5,582.48 "
,,,10/8/2018," $10,387.53 ", $726.88 , $355.36 , $125.69 , $123.74 , $271.26 ," $1,000.00 ", $800.00 , $150.00 ,,,," $12,066.74 "," $1,072.10 ", $387.73 , $142.63 , $271.26 ," $13,940.46 "
,,,10/9/2018," $7,711.88 ", $819.21 , $339.88 , $148.45 , $162.95 , $215.42 ," $1,000.00 ", $400.00 , $300.00 , $50.00 ,,," $9,030.30 "," $1,314.43 ", $422.25 , $165.39 , $215.42 ," $11,147.79 "
,,,10/10/2018," $6,007.05 ", $664.50 , $328.40 , $114.75 , $92.91 , $154.13 ," $1,000.00 ", $900.00 , $50.00 , $-   ,,," $7,755.43 ", $909.72 , $360.77 , $131.69 , $154.13 ," $9,311.74 "
,,,10/11/2018," $5,848.05 ", $589.17 , $321.08 , $115.65 , $111.68 , $176.69 ," $1,000.00 ", $700.00 , $-   , $200.00 ,,," $7,415.20 ", $784.39 , $553.45 , $132.59 , $176.69 ," $9,062.32 "
,,,10/12/2018," $5,482.48 ", $739.66 , $277.63 , $784.50 , $141.64 , $109.89 ," $1,000.00 ", $100.00 , $50.00 , $150.00 ,,," $6,479.59 ", $984.88 , $460.00 , $801.44 , $109.89 ," $8,835.80 "
,,,10/13/2018," $2,356.52 ", $474.12 , $50.18 , $291.03 , $96.84 , $69.85 ," $1,000.00 ", $-   ,, $-   ,,," $3,208.83 ", $669.34 , $82.55 , $307.97 , $69.85 ," $4,338.54 "
,,,10/14/2018," $3,004.37 ", $457.99 , $68.49 , $355.11 , $125.51 , $130.36 ," $1,000.00 ", $400.00 ,,,,," $4,285.35 ", $653.21 , $100.86 , $372.05 , $130.36 ," $5,541.83 "
,,,10/15/2018," $17,738.07 ", $800.04 , $416.80 , $907.62 , $91.05 , $557.06 ," $1,000.00 ", $300.00 , $50.00 , $100.00 ,,," $18,884.59 "," $1,045.26 ", $549.17 , $924.56 , $557.06 ," $21,960.64 "
,,,10/16/2018," $13,223.27 ", $702.69 , $406.91 , $906.64 , $90.39 , $641.59 ," $1,000.00 ", $400.00 , $50.00 , $50.00 ,,," $14,469.13 ", $947.91 , $489.28 , $923.58 , $641.59 ," $17,471.49 "
,,,10/17/2018," $8,526.63 ", $840.12 , $390.75 , $880.16 , $187.65 , $575.13 ," $1,000.00 "," $1,300.00 ",, $50.00 ,,," $10,769.75 "," $1,035.34 ", $473.12 , $897.10 , $575.13 ," $13,750.44 "
,,,10/18/2018," $7,697.87 ", $885.74 , $292.13 , $931.74 , $79.77 , $604.02 ," $1,000.00 ", $900.00 , $100.00 ,,,," $9,433.11 "," $1,180.96 ", $324.50 , $948.68 , $604.02 ," $12,491.27 "
,,,10/19/2018," $7,766.29 "," $1,061.42 ", $222.41 , $917.10 , $299.60 , $388.57 ," $1,000.00 ", $900.00 , $50.00 , $50.00 ,,," $9,721.36 "," $1,306.64 ", $304.78 , $934.04 , $388.57 ," $12,655.39 "
,,,10/20/2018," $2,334.08 ", $694.82 , $44.02 , $355.44 ," $1,015.54 ", $281.83 ," $1,000.00 ", $300.00 , $50.00 ,,,," $4,405.09 ", $940.04 , $76.39 , $372.38 , $281.83 ," $6,075.73 "
,,,10/21/2018," $2,815.20 ", $765.78 , $40.10 , $448.99 , $195.78 , $250.19 ," $1,000.00 ", $100.00 , $-   ,,,," $3,866.45 ", $961.00 , $72.47 , $465.93 , $250.19 ," $5,616.04 "
,,,10/22/2018," $8,977.04 "," $1,039.97 ", $405.48 , $998.49 , $128.17 , $626.97 ," $1,000.00 "," $1,400.00 ", $100.00 ,,,," $11,260.68 "," $1,335.19 ", $437.85 ," $1,015.43 ", $626.97 ," $14,676.12 "
,,,10/23/2018," $8,254.24 ", $980.71 , $451.58 , $977.76 , $74.11 , $103.14 ," $1,000.00 "," $1,000.00 ", $-   , $100.00 ,,," $10,083.82 "," $1,175.93 ", $583.95 , $994.70 , $103.14 ," $12,941.54 "
,,,10/24/2018," $8,497.79 "," $1,060.44 ", $307.88 ," $1,074.76 ", $361.51 , $61.06 ," $1,000.00 ", $900.00 , $300.00 , $50.00 ,,," $10,514.77 "," $1,555.66 ", $390.25 ," $1,091.70 ", $61.06 ," $13,613.44 "
,,,10/25/2018," $9,140.07 "," $1,059.15 ", $291.67 ," $1,296.45 ", $183.34 , $36.27 ," $1,000.00 "," $1,600.00 ", $200.00 , $100.00 ,,," $11,678.88 "," $1,454.37 ", $424.04 ," $1,313.39 ", $36.27 ," $14,906.95 "
,,,10/26/2018," $6,083.43 ", $915.02 , $747.16 ," $1,227.49 ", $74.90 , $31.58 ," $1,000.00 ", $600.00 ,, $-   ,,," $7,513.80 "," $1,110.24 ", $779.53 ," $1,244.43 ", $31.58 ," $10,679.58 "
,,,10/27/2018," $3,407.85 ", $719.89 , $391.10 , $456.69 , $108.59 , $11.17 ," $1,000.00 ", $100.00 , $100.00 , $50.00 ,,," $4,371.91 "," $1,015.11 ", $473.47 , $473.63 , $11.17 ," $6,345.29 "
,,,10/28/2018," $3,512.16 ", $659.09 , $431.41 , $712.00 , $86.93 , $8.55 ," $1,000.00 ", $400.00 ,, $50.00 ,,," $4,754.56 ", $854.31 , $513.78 , $728.94 , $8.55 ," $6,860.14 "
,,,10/29/2018," $7,993.27 ", $895.64 , $814.84 , $927.47 , $83.97 , $68.89 ," $1,000.00 ", $600.00 , $50.00 , $150.00 ,,," $9,432.71 "," $1,140.86 ", $997.21 , $944.41 , $68.89 ," $12,584.08 "
,,,10/30/2018," $6,543.71 ", $830.55 , $807.12 , $819.13 , $202.11 , $47.41 ," $1,000.00 ", $300.00 ,, $100.00 ,,," $7,801.29 "," $1,025.77 ", $939.49 , $836.07 , $47.41 ," $10,650.03 "
,,,10/31/2018," $6,126.08 "," $1,293.88 ", $732.27 , $825.36 , $140.93 , $62.63 ," $1,000.00 "," $1,100.00 ", $100.00 , $150.00 ,,," $8,122.48 "," $1,589.10 ", $914.64 , $842.30 , $62.63 ," $11,531.15 "
,,,11/1/2018," $8,177.97 "," $2,375.42 ", $889.49 , $844.21 , $218.69 , $244.32 ," $1,000.00 ", $500.00 ,, $150.00 ,,," $9,652.13 "," $2,570.64 "," $1,071.86 ", $861.15 , $244.32 ," $14,400.10 "
,,,11/2/2018," $10,011.03 "," $3,738.98 ", $911.96 , $756.72 , $151.02 , $159.80 ," $1,000.00 ", $800.00 ,, $200.00 ,,," $11,717.52 "," $3,934.20 "," $1,144.33 ", $773.66 , $159.80 ," $17,729.51 "
,,,11/3/2018," $2,956.86 "," $3,616.06 ", $540.33 , $956.26 , $70.11 , $67.15 ," $1,000.00 ", $200.00 , $50.00 , $50.00 ,,," $3,982.44 "," $3,861.28 ", $622.70 , $973.20 , $67.15 ," $9,506.77 "
,,,11/4/2018," $3,713.85 "," $3,691.89 ", $527.95 , $796.98 , $144.87 , $121.33 ," $1,000.00 ", $200.00 ,,,,," $4,814.19 "," $3,887.11 ", $560.32 , $813.92 , $121.33 ," $10,196.87 "
,,,11/5/2018," $18,080.72 "," $5,247.29 "," $1,185.80 "," $1,116.44 ", $109.54 , $531.96 ," $1,000.00 ", $300.00 , $50.00 , $100.00 ,,," $19,245.73 "," $5,492.51 "," $1,318.17 "," $1,133.38 ", $531.96 ," $27,721.75 "
,,,11/6/2018," $14,400.42 "," $4,785.20 "," $1,203.49 "," $1,121.85 ", $184.70 , $483.89 ," $1,000.00 ", $500.00 ,, $50.00 ,,," $15,840.59 "," $4,980.42 "," $1,285.86 "," $1,138.79 ", $483.89 ," $23,729.55 "
,,,11/7/2018," $14,749.99 "," $4,584.64 "," $1,338.12 "," $1,197.83 ", $175.70 , $240.48 ," $1,000.00 "," $1,000.00 ",, $50.00 ,,," $16,681.16 "," $4,779.86 "," $1,420.49 "," $1,214.77 ", $240.48 ," $24,336.76 "
,,,11/8/2018," $11,957.89 "," $4,786.17 "," $1,190.98 "," $1,092.33 ", $134.61 , $273.23 ," $1,000.00 ", $800.00 , $50.00 , $-   ,,," $13,647.97 "," $5,031.39 "," $1,223.35 "," $1,109.27 ", $273.23 ," $21,285.21 "
,,,11/9/2018," $11,515.29 "," $4,874.97 ", $983.75 , $998.33 , $124.57 , $184.36 ," $1,000.00 ", $600.00 , $50.00 , $50.00 ,,," $12,995.33 "," $5,120.19 "," $1,066.12 "," $1,015.27 ", $184.36 ," $20,381.27 "
,,,11/10/2018," $2,824.48 "," $4,723.49 ", $520.12 , $720.69 , $203.66 , $99.62 ," $1,000.00 ", $100.00 ,,,,," $3,883.61 "," $4,918.71 ", $552.49 , $737.63 , $99.62 ," $10,192.06 "
,,,11/11/2018," $3,689.58 "," $3,903.99 ", $651.20 , $713.66 , $176.58 , $74.51 ," $1,000.00 ", $600.00 ,,,,," $5,221.63 "," $4,099.21 ", $683.57 , $730.60 , $74.51 ," $10,809.52 "
,,,11/12/2018," $11,954.85 "," $4,726.88 "," $1,125.49 "," $2,042.83 ", $106.31 , $142.66 ," $1,000.00 ", $300.00 , $50.00 ,,,," $13,116.63 "," $4,972.10 "," $1,157.86 "," $2,059.77 ", $142.66 ," $21,449.02 "
,,,11/13/2018," $14,560.58 "," $5,196.78 "," $1,057.37 "," $1,855.58 ", $108.96 , $218.58 ," $1,000.00 ", $500.00 , $50.00 , $50.00 ,,," $15,925.01 "," $5,442.00 "," $1,139.74 "," $1,872.52 ", $218.58 ," $24,597.85 "
,,,11/14/2018," $16,354.92 "," $5,838.61 "," $1,249.47 "," $1,158.66 ", $82.10 , $210.36 ," $1,000.00 ", $800.00 ,,,,," $17,992.49 "," $6,033.83 "," $1,281.84 "," $1,175.60 ", $210.36 ," $26,694.12 "
,,,11/15/2018," $16,285.52 "," $5,342.41 "," $1,324.14 ", $735.14 , $72.00 , $93.75 ," $1,000.00 ", $500.00 ,, $100.00 ,,," $17,612.99 "," $5,537.63 "," $1,456.51 ", $752.08 , $93.75 ," $25,452.96 "
,,,11/16/2018," $14,807.16 "," $5,902.66 "," $1,092.75 "," $1,150.86 ", $72.64 , $261.41 ," $1,000.00 ", $600.00 , $50.00 , $100.00 ,,," $16,235.27 "," $6,147.88 "," $1,225.12 "," $1,167.80 ", $261.41 ," $25,037.48 "
,,,11/17/2018," $2,994.53 "," $3,123.89 ", $753.67 ," $1,283.01 ", $116.11 , $38.46 ," $1,000.00 ", $400.00 ,, $-   ,,," $4,266.11 "," $3,319.11 ", $786.04 ," $1,299.95 ", $38.46 ," $9,709.67 "
,,,11/18/2018," $4,261.99 "," $2,764.99 ", $813.69 ," $1,781.57 ", $77.21 , $18.23 ," $1,000.00 ", $300.00 ,,,,," $5,394.67 "," $2,960.21 ", $846.06 ," $1,798.51 ", $18.23 ," $11,017.68 "
,,,11/19/2018," $19,200.86 "," $4,857.57 "," $1,497.02 "," $2,232.38 ", $96.14 , $88.40 ," $1,000.00 ", $900.00 , $50.00 , $200.00 ,,," $20,952.47 "," $5,102.79 "," $1,729.39 "," $2,249.32 ", $88.40 ," $30,122.37 "
,,,11/20/2018," $15,054.96 "," $4,917.65 "," $1,232.37 "," $1,570.11 ", $84.21 , $167.23 ," $1,000.00 ", $400.00 , $50.00 ,,,," $16,294.64 "," $5,162.87 "," $1,264.74 "," $1,587.05 ", $167.23 ," $24,476.53 "
,,,11/21/2018," $12,413.84 "," $3,633.39 ", $352.77 , $732.12 , $89.92 , $78.10 ," $1,000.00 ", $500.00 , $-   , $100.00 ,,," $13,759.23 "," $3,828.61 ", $485.14 , $749.06 , $78.10 ," $18,900.14 "
,,,11/22/2018," $4,696.12 "," $1,561.99 ", $327.34 , $678.60 , $96.46 , $27.14 ," $1,000.00 ", $100.00 , $100.00 ,,,," $5,648.05 "," $1,857.21 ", $359.71 , $695.54 , $27.14 ," $8,587.65 "
,,,11/23/2018," $7,151.45 "," $3,535.93 ", $217.94 , $765.94 , $101.19 , $36.29 ," $1,000.00 ", $-   ,, $50.00 ,,," $8,008.11 "," $3,731.15 ", $300.31 , $782.88 , $36.29 ," $12,858.74 "
,,,11/24/2018," $3,839.41 "," $1,307.25 ", $175.01 , $499.09 , $105.49 , $9.56 ," $1,000.00 ", $100.00 ,, $50.00 ,,," $4,800.37 "," $1,502.47 ", $257.38 , $516.03 , $9.56 ," $7,085.81 "
,,,11/25/2018," $3,797.58 "," $1,559.90 ", $314.25 , $563.26 , $65.57 , $6.01 ," $1,000.00 ", $300.00 ,,,,," $4,918.62 "," $1,755.12 ", $346.62 , $580.20 , $6.01 ," $7,606.57 "
,,,11/26/2018," $18,563.13 "," $5,146.23 ", $266.15 ," $1,207.91 ", $99.45 , $96.77 ," $1,000.00 ", $900.00 , $250.00 , $50.00 ,,," $20,318.05 "," $5,591.45 ", $348.52 ," $1,224.85 ", $96.77 ," $27,579.64 "
,,,11/27/2018," $17,155.44 "," $4,889.12 ", $551.99 ," $1,274.38 ", $101.97 , $203.02 ," $1,000.00 "," $1,200.00 ",, $200.00 ,,," $19,212.88 "," $5,084.34 ", $784.36 ," $1,291.32 ", $203.02 ," $26,575.92 "
,,,11/28/2018," $17,705.74 "," $4,229.66 ", $961.25 ," $1,924.17 ", $121.15 , $161.78 ," $1,000.00 ", $700.00 , $150.00 , $100.00 ,,," $19,282.36 "," $4,574.88 "," $1,093.62 "," $1,941.11 ", $161.78 ," $27,053.75 "
,,,11/29/2018," $17,850.80 "," $2,712.75 "," $2,525.13 "," $1,554.54 ", $126.19 , $265.15 ," $1,000.00 ", $900.00 , $50.00 , $50.00 ,,," $19,632.46 "," $2,957.97 "," $2,607.50 "," $1,571.48 ", $265.15 ," $27,034.56 "
,,,11/30/2018," $16,894.78 "," $3,382.71 "," $1,528.43 "," $1,419.79 ", $130.97 , $318.74 ," $1,000.00 "," $1,200.00 ", $50.00 , $50.00 ,,," $18,981.22 "," $3,627.93 "," $1,610.80 "," $1,436.73 ", $318.74 ," $25,975.42 "
,,,12/1/2018," $3,186.80 ", $831.23 , $941.79 , $298.39 , $155.44 , $103.72 ," $1,000.00 ", $700.00 , $300.00 ,,,," $4,797.71 "," $1,437.01 ", $974.16 , $315.33 , $103.72 ," $7,627.93 "
,,,12/2/2018," $3,365.64 ", $180.91 ," $1,114.08 ", $469.59 , $116.36 , $124.37 ," $1,000.00 ", $500.00 , $250.00 ,,,," $4,737.47 "," $1,559.30 "," $1,146.45 ", $486.53 , $124.37 ," $8,054.12 "
,,,12/3/2018," $21,165.71 "," $4,047.38 "," $2,444.36 "," $1,748.25 ", $179.49 , $375.73 ," $1,000.00 "," $1,400.00 ", $50.00 , $150.00 ,,," $23,500.67 "," $2,689.58 "," $2,626.73 "," $1,765.19 ", $375.73 ," $30,957.90 "
,,,12/4/2018," $15,866.55 "," $4,238.30 "," $2,160.81 "," $2,329.79 ", $92.51 , $384.82 ," $1,000.00 ", $700.00 , $-   , $200.00 ,,," $17,414.53 "," $4,433.52 "," $2,393.18 "," $2,346.73 ", $384.82 ," $26,972.78 "
,,,12/5/2018," $13,763.60 "," $4,353.77 "," $1,977.99 "," $1,403.66 ", $134.69 , $316.89 ," $1,000.00 ", $600.00 ,, $100.00 ,,," $15,253.76 "," $4,548.99 "," $2,110.36 "," $1,420.60 ", $316.89 ," $23,650.60 "
,,,12/6/2018," $16,050.21 "," $3,245.23 "," $2,206.59 "," $1,265.90 ", $125.97 , $246.39 ," $1,000.00 ", $900.00 , $50.00 , $-   ,,," $17,831.65 "," $3,490.45 "," $2,238.96 "," $1,282.84 ", $246.39 ," $25,090.29 "
,,,12/7/2018," $15,357.13 "," $4,249.03 "," $1,919.07 "," $1,096.56 ", $118.82 , $122.24 ," $1,000.00 ", $700.00 ,, $50.00 ,,," $16,931.42 "," $4,444.25 "," $2,001.44 "," $1,113.50 ", $122.24 ," $24,612.85 "
,,,12/8/2018," $7,791.85 "," $3,066.86 "," $1,135.48 ", $132.07 , $135.88 , $32.30 ," $1,000.00 ", $200.00 ,, $50.00 ,,," $8,883.20 "," $3,262.08 "," $1,217.85 ", $149.01 , $32.30 ," $13,544.44 "
,,,12/9/2018," $8,673.45 "," $2,018.73 "," $1,074.73 ", $171.88 , $89.25 , $71.96 ," $1,000.00 ", $300.00 ,,,,," $9,818.17 "," $2,213.95 "," $1,107.10 ", $188.82 , $71.96 ," $13,400.00 "
,,,12/10/2018," $24,546.00 "," $5,480.15 "," $1,793.21 "," $1,585.22 ", $74.14 , $347.66 ," $1,000.00 "," $1,000.00 ",, $50.00 ,,," $26,375.61 "," $5,675.37 "," $1,875.58 "," $1,602.16 ", $347.66 ," $35,876.38 "
,,,12/11/2018," $22,915.32 "," $4,727.03 "," $2,575.22 "," $1,609.05 ", $107.28 , $333.07 ," $1,000.00 "," $1,000.00 ", $50.00 , $-   ,,," $24,778.07 "," $4,972.25 "," $2,607.59 "," $1,625.99 ", $333.07 ," $34,316.97 "
,,,12/12/2018," $21,789.83 "," $4,529.79 "," $2,276.15 "," $1,429.49 ", $87.10 , $592.51 ," $1,000.00 ", $300.00 ,, $50.00 ,,," $22,932.40 "," $4,725.01 "," $2,358.52 "," $1,446.43 ", $592.51 ," $32,054.87 "
,,,12/13/2018," $23,852.75 "," $2,889.63 "," $2,633.85 "," $1,013.05 ", $127.10 , $589.83 ," $1,000.00 ", $300.00 , $-   , $150.00 ,,," $25,035.32 "," $3,084.85 "," $2,816.22 "," $1,029.99 ", $589.83 ," $32,556.21 "
,,,12/14/2018," $23,777.52 "," $4,497.64 "," $1,618.22 ", $689.93 , $240.56 , $613.06 ," $1,000.00 ", $800.00 ,, $100.00 ,,," $25,573.55 "," $4,692.86 "," $1,750.59 ", $706.87 , $613.06 ," $33,336.93 "
,,,12/15/2018," $12,472.95 "," $1,472.66 "," $1,062.68 ", $2.90 , $319.16 , $241.77 ," $1,000.00 ", $100.00 , $-   ,,,," $13,647.58 "," $1,667.88 "," $1,095.05 ", $19.84 , $241.77 ," $16,672.12 "
,,,12/16/2018," $13,590.25 "," $1,247.87 "," $1,024.85 ", $-   , $182.38 , $169.97 ," $1,000.00 ", $100.00 , $-   , $-   ,,," $14,628.10 "," $1,443.09 "," $1,057.22 ", $16.94 , $169.97 ," $17,315.32 "
,,,12/17/2018," $29,973.46 "," $3,691.09 "," $2,311.01 ", $705.62 , $401.91 , $688.72 ," $1,000.00 ", $500.00 , $100.00 , $150.00 ,,," $31,630.84 "," $3,986.31 "," $2,493.38 ", $722.56 , $688.72 ," $39,521.81 "
,,,12/18/2018," $26,537.95 "," $3,294.01 "," $2,136.62 ", $953.44 , $227.56 , $808.50 ," $1,000.00 ", $500.00 ,, $150.00 ,,," $28,020.98 "," $3,489.23 "," $2,318.99 ", $970.38 , $808.50 ," $35,608.08 "
,,,12/19/2018," $26,053.00 "," $3,827.39 "," $1,967.11 ", $913.90 , $83.55 , $824.36 ," $1,000.00 ", $600.00 , $-   , $100.00 ,,," $27,492.02 "," $4,022.61 "," $2,099.48 ", $930.84 , $824.36 ," $35,369.31 "
,,,12/20/2018," $24,198.01 "," $2,183.18 "," $1,703.94 ", $788.44 , $98.39 , $704.69 ," $1,000.00 ", $200.00 ,,,,," $25,251.87 "," $2,378.40 "," $1,736.31 ", $805.38 , $704.69 ," $30,876.65 "
,,,12/21/2018," $20,135.56 "," $2,976.45 "," $1,386.54 ", $573.27 , $115.19 , $684.10 ," $1,000.00 "," $1,300.00 ", $100.00 ,,,," $22,306.22 "," $3,271.67 "," $1,418.91 ", $590.21 , $684.10 ," $28,271.11 "
,,,12/22/2018," $11,930.03 ", $320.73 , $960.28 , $2.24 , $84.78 , $187.74 ," $1,000.00 ", $300.00 , $50.00 ,,,," $13,070.28 ", $565.95 , $992.65 , $19.18 , $187.74 ," $14,835.80 "
,,,12/23/2018," $10,826.84 ", $234.69 , $706.58 , $-   , $78.31 , $219.38 ," $1,000.00 ", $400.00 , $50.00 ,,,," $12,060.62 ", $479.91 , $738.95 , $16.94 , $219.38 ," $13,515.80 "
,,,12/24/2018," $15,260.17 "," $3,034.85 "," $1,068.27 ", $635.20 , $137.93 , $259.29 ," $1,000.00 ", $200.00 ,,,,," $16,353.57 "," $3,230.07 "," $1,100.64 ", $652.14 , $259.29 ," $21,595.71 "
,,,12/25/2018," $13,620.54 "," $2,708.08 ", $736.77 , $512.14 , $81.51 , $159.70 ," $1,000.00 ", $200.00 ,, $-   ,,," $14,657.52 "," $2,903.30 ", $769.14 , $529.08 , $159.70 ," $19,018.74 "
,,,12/26/2018," $33,146.91 "," $3,683.97 "," $1,683.79 ", $823.08 , $105.82 ," $1,009.87 "," $1,000.00 ", $600.00 ,, $50.00 ,,," $34,608.20 "," $3,879.19 "," $1,766.16 ", $840.02 ," $1,009.87 "," $42,103.44 "
,,,12/27/2018," $35,775.90 "," $2,495.68 "," $2,922.87 ", $949.82 , $141.31 , $900.98 ," $1,000.00 ", $600.00 ,, $50.00 ,,," $37,272.68 "," $2,690.90 "," $3,005.24 ", $966.76 , $900.98 ," $44,836.56 "
,,,12/28/2018," $33,863.10 "," $3,243.33 "," $2,286.90 ", $954.18 , $129.40 , $664.73 ," $1,000.00 ", $400.00 , $50.00 , $100.00 ,,," $35,147.97 "," $3,488.55 "," $2,419.27 ", $971.12 , $664.73 ," $42,691.64 "
,,,12/29/2018," $19,817.10 ", $381.15 ," $1,063.80 ", $3.91 , $102.42 , $266.59 ," $1,000.00 ", $200.00 , $50.00 ,,,," $20,874.99 ", $626.37 ," $1,096.17 ", $20.85 , $266.59 ," $22,884.97 "
,,,12/30/2018," $20,629.53 ", $378.22 ," $1,251.09 ", $0.30 , $127.06 , $199.86 ," $1,000.00 ", $300.00 ,,,,," $21,812.06 ", $573.44 ," $1,283.46 ", $17.24 , $199.86 ," $23,886.06 "
,,,12/31/2018," $32,180.96 "," $3,233.26 "," $1,688.36 ", $638.90 , $128.92 , $413.36 ," $1,000.00 ", $700.00 , $50.00 ,,,," $33,765.35 "," $3,478.48 "," $1,720.73 ", $655.84 , $413.36 ," $40,033.76 "
1,1,2019,1/1/2019," $24,895.66 "," $2,964.51 "," $1,786.26 ", $817.63 , $133.96 , $428.72 ," $1,000.00 ", $600.00 ,, $50.00 ,,," $26,385.09 "," $3,159.73 "," $1,868.63 ", $834.57 , $428.72 ," $32,676.74 "
2,1,2019,1/2/2019," $37,672.97 "," $4,636.78 "," $2,963.36 "," $1,180.48 ", $108.19 ," $1,117.12 "," $1,000.00 ", $400.00 ,, $100.00 ,,," $38,936.63 "," $4,832.00 "," $3,095.73 "," $1,197.42 "," $1,117.12 "," $49,178.90 "
3,1,2019,1/3/2019," $36,221.59 "," $3,906.27 "," $3,594.61 "," $1,090.54 ", $130.67 ," $1,152.41 "," $1,000.00 ", $200.00 , $-   , $50.00 ,,," $37,307.73 "," $4,101.49 "," $3,676.98 "," $1,107.48 "," $1,152.41 "," $47,346.09 "
4,1,2019,1/4/2019," $33,117.44 "," $5,748.05 "," $2,803.08 ", $909.21 , $112.57 , $567.84 ," $1,000.00 ", $200.00 ,, $50.00 ,,," $34,185.48 "," $5,943.27 "," $2,885.45 ", $926.15 , $567.84 ," $44,508.19 "
5,1,2019,1/5/2019," $18,028.10 ", $650.01 ," $1,543.92 ", $-   , $206.80 , $90.14 ," $1,000.00 ", $200.00 , $50.00 , $100.00 ,,," $19,190.37 ", $895.23 ," $1,676.29 ", $16.94 , $90.14 ," $21,868.97 "
6,1,2019,1/6/2019," $17,299.03 ", $761.20 ," $1,453.47 ", $0.53 , $140.70 , $36.81 ," $1,000.00 ", $400.00 , $50.00 ,,,," $18,595.20 "," $1,006.42 "," $1,485.84 ", $17.47 , $36.81 ," $21,141.74 "
7,1,2019,1/7/2019," $37,422.10 "," $3,787.79 "," $2,846.32 ", $587.86 , $84.31 , $220.23 ," $1,000.00 ", $500.00 , $50.00 , $50.00 ,,," $38,761.88 "," $4,033.01 "," $2,928.69 ", $604.80 , $220.23 ," $46,548.61 "
8,1,2019,1/8/2019," $32,020.95 "," $3,811.70 "," $3,072.64 ", $671.58 , $147.11 , $158.30 ," $1,000.00 ", $400.00 ,,,,," $33,323.53 "," $4,006.92 "," $3,105.01 ", $688.52 , $158.30 ," $41,282.28 "
9,1,2019,1/9/2019," $24,784.08 "," $3,397.13 "," $2,768.29 ", $602.09 , $62.59 , $98.71 ," $1,000.00 ", $700.00 ,, $-   ,,," $26,302.14 "," $3,592.35 "," $2,800.66 ", $619.03 , $98.71 ," $33,412.89 "
10,1,2019,1/10/2019," $20,496.73 "," $2,075.39 "," $2,381.63 ", $317.68 , $85.16 , $174.35 ," $1,000.00 ", $400.00 ,, $100.00 ,,," $21,737.36 "," $2,270.61 "," $2,514.00 ", $334.62 , $174.35 ," $27,030.94 "
11,1,2019,1/11/2019," $19,584.69 "," $2,718.47 "," $1,885.21 ", $238.05 , $169.19 , $109.94 ," $1,000.00 ", $500.00 ,,,,," $21,009.35 "," $2,913.69 "," $1,917.58 ", $254.99 , $109.94 ," $26,205.55 "
12,1,2019,1/12/2019," $10,609.29 ", $836.15 ," $1,051.17 ", $-   , $265.33 , $38.84 ," $1,000.00 ", $400.00 , $50.00 ,,,," $12,030.09 "," $1,081.37 "," $1,083.54 ", $16.94 , $38.84 ," $14,250.78 "
13,1,2019,1/13/2019," $10,980.47 ", $862.59 ," $1,656.31 ", $3.73 , $122.38 , $23.81 ," $1,000.00 ", $300.00 ,, $-   ,,," $12,158.32 "," $1,057.81 "," $1,688.68 ", $20.67 , $23.81 ," $14,949.29 "
14,1,2019,1/14/2019," $23,326.77 "," $2,972.26 "," $3,001.83 ", $431.84 , $59.36 , $210.70 ," $1,000.00 ", $900.00 ,,,,," $25,041.60 "," $3,167.48 "," $3,034.20 ", $448.78 , $210.70 ," $31,902.76 "
15,1,2019,1/15/2019," $22,360.03 "," $2,690.70 "," $2,782.11 ", $444.80 , $184.54 , $251.30 ," $1,000.00 "," $1,000.00 ",, $100.00 ,,," $24,300.04 "," $2,885.92 "," $2,914.48 ", $461.74 , $251.30 ," $30,813.48 "
16,1,2019,1/16/2019," $20,274.57 "," $2,473.35 "," $2,454.86 ", $477.54 , $104.47 , $306.26 ," $1,000.00 ", $900.00 ,, $50.00 ,,," $22,034.51 "," $2,668.57 "," $2,537.23 ", $494.48 , $306.26 ," $28,041.05 "
17,1,2019,1/17/2019," $19,273.66 "," $1,605.92 "," $2,293.73 ", $432.90 , $126.41 , $313.20 ," $1,000.00 ", $800.00 ,,,,," $20,955.54 "," $1,801.14 "," $2,326.10 ", $449.84 , $313.20 ," $25,845.82 "
18,1,2019,1/18/2019," $18,605.93 "," $2,308.71 "," $2,116.53 ", $366.11 , $71.78 , $247.68 ," $1,000.00 ", $-   ,, $100.00 ,,," $19,433.18 "," $2,503.93 "," $2,248.90 ", $383.05 , $247.68 ," $24,816.74 "
19,1,2019,1/19/2019," $11,039.55 ", $783.81 ," $1,053.69 ", $-   , $162.51 , $73.46 ," $1,000.00 ", $-   ,, $-   ,,," $11,957.53 ", $979.03 ," $1,086.06 ", $16.94 , $73.46 ," $14,113.02 "
20,1,2019,1/20/2019," $11,409.40 ", $644.69 ," $1,349.85 ", $0.05 , $141.58 , $36.12 ," $1,000.00 ", $-   ,, $-   ,,," $12,306.45 ", $839.91 ," $1,382.22 ", $16.99 , $36.12 ," $14,581.69 "
21,1,2019,1/21/2019," $20,006.90 "," $2,254.48 "," $1,666.97 ", $487.14 , $172.16 , $115.21 ," $1,000.00 ", $100.00 , $-   , $-   ,,," $21,034.53 "," $2,449.70 "," $1,699.34 ", $504.08 , $115.21 ," $25,802.86 "
22,1,2019,1/22/2019," $23,951.45 "," $2,536.82 "," $2,100.24 ", $663.23 , $121.38 , $144.45 ," $1,000.00 ", $200.00 ,, $-   ,,," $25,028.30 "," $2,732.04 "," $2,132.61 ", $680.17 , $144.45 ," $30,717.57 "
23,1,2019,1/23/2019," $21,384.40 "," $1,924.72 "," $2,428.32 ", $625.26 , $147.99 , $380.45 ," $1,000.00 ", $500.00 ,, $50.00 ,,," $22,787.86 "," $2,119.94 "," $2,510.69 ", $642.20 , $380.45 ," $28,441.14 "
24,1,2019,1/24/2019," $21,553.02 "," $1,688.44 "," $2,521.44 ", $556.69 , $144.03 , $445.22 ," $1,000.00 ", $200.00 , $-   , $-   ,,," $22,652.52 "," $1,883.66 "," $2,553.81 ", $573.63 , $445.22 ," $28,108.84 "
25,1,2019,1/25/2019," $19,750.06 "," $1,883.45 "," $1,831.92 ", $356.60 , $224.43 , $252.72 ," $1,000.00 ", $200.00 ,, $100.00 ,,," $20,929.96 "," $2,078.67 "," $1,964.29 ", $373.54 , $252.72 ," $25,599.18 "
26,1,2019,1/26/2019," $11,320.53 ", $703.87 ," $1,129.73 ", $1.23 , $92.17 , $53.66 ," $1,000.00 ", $300.00 ,, $-   ,,," $12,468.17 ", $899.09 ," $1,162.10 ", $18.17 , $53.66 ," $14,601.19 "
27,1,2019,1/27/2019," $11,441.68 ", $385.28 ," $1,369.66 ", $5.39 , $66.39 , $24.03 ," $1,000.00 ", $400.00 ,, $-   ,,," $12,663.54 ", $580.50 ," $1,402.03 ", $22.33 , $24.03 ," $14,692.43 "
28,1,2019,1/28/2019," $31,146.99 "," $2,329.32 "," $1,927.26 ", $454.46 , $152.58 ," $1,183.24 "," $1,000.00 ", $500.00 ,, $100.00 ,,," $32,555.04 "," $2,524.54 "," $2,059.63 ", $471.40 ," $1,183.24 "," $38,793.85 "
29,1,2019,1/29/2019," $32,539.60 "," $2,675.94 "," $2,636.29 ", $382.17 , $137.34 ," $1,589.75 "," $1,000.00 ", $800.00 , $50.00 , $250.00 ,,," $34,232.41 "," $2,921.16 "," $2,918.66 ", $399.11 ," $1,589.75 "," $42,061.09 "
30,1,2019,1/30/2019," $31,983.17 "," $2,610.24 "," $2,316.48 ", $366.80 , $127.26 ," $1,479.69 "," $1,000.00 ", $600.00 ,, $50.00 ,,," $33,465.90 "," $2,805.46 "," $2,398.85 ", $383.74 ," $1,479.69 "," $40,533.64 "
31,1,2019,1/31/2019," $32,011.62 "," $1,585.64 "," $2,604.00 ", $423.56 , $119.63 ," $1,454.63 "," $1,000.00 ", $800.00 ,, $50.00 ,,," $33,686.72 "," $1,780.86 "," $2,686.37 ", $440.50 ," $1,454.63 "," $40,049.08 "
1,2,2019,2/1/2019," $27,741.92 "," $2,358.15 "," $1,829.59 ", $246.26 , $105.85 , $993.65 ," $1,000.00 ", $500.00 , $100.00 , $150.00 ,,," $29,103.24 "," $2,653.37 "," $2,011.96 ", $263.20 , $993.65 ," $35,025.42 "
2,2,2019,2/2/2019," $15,137.86 ", $981.19 ," $1,091.08 ", $1.25 , $123.61 , $795.52 ," $1,000.00 ", $200.00 ,, $50.00 ,,," $16,216.94 "," $1,176.41 "," $1,173.45 ", $18.19 , $795.52 ," $19,380.51 "
3,2,2019,2/3/2019," $15,134.25 ", $816.69 ," $1,499.23 ", $0.36 , $44.72 , $605.36 ," $1,000.00 ", $200.00 ,,,,," $16,134.44 "," $1,011.91 "," $1,531.60 ", $17.30 , $605.36 ," $19,300.61 "
4,2,2019,2/4/2019," $39,951.18 "," $2,003.67 "," $2,688.81 ", $257.95 , $97.92 ," $1,226.39 "," $1,000.00 ", $400.00 , $50.00 , $-   ,,," $41,204.57 "," $2,248.89 "," $2,721.18 ", $274.89 ," $1,226.39 "," $47,675.92 "
5,2,2019,2/5/2019," $36,925.13 "," $2,388.04 "," $2,358.27 ", $360.60 , $92.50 ," $1,259.40 "," $1,000.00 ", $400.00 ,, $-   ,,," $38,173.10 "," $2,583.26 "," $2,390.64 ", $377.54 ," $1,259.40 "," $44,783.94 "
6,2,2019,2/6/2019," $37,341.25 "," $2,622.14 "," $2,637.77 ", $592.80 , $73.29 , $682.66 ," $1,000.00 ", $400.00 , $100.00 , $-   ,,," $38,570.01 "," $2,917.36 "," $2,670.14 ", $609.74 , $682.66 ," $45,449.91 "
7,2,2019,2/7/2019," $36,307.46 "," $2,150.25 "," $2,680.40 ", $486.09 , $56.40 , $630.06 ," $1,000.00 ", $900.00 , $50.00 , $50.00 ,,," $38,019.33 "," $2,395.47 "," $2,762.77 ", $503.03 , $630.06 ," $44,310.66 "
8,2,2019,2/8/2019," $37,272.32 "," $2,476.58 "," $2,610.76 ", $315.52 , $105.14 , $427.65 ," $1,000.00 ", $400.00 ,, $150.00 ,,," $38,532.93 "," $2,671.80 "," $2,793.13 ", $332.46 , $427.65 ," $44,757.97 "
9,2,2019,2/9/2019," $11,001.05 ", $962.05 , $516.58 , $0.23 , $74.96 , $63.65 ," $1,000.00 ", $600.00 ,, $50.00 ,,," $12,431.48 "," $1,157.27 ", $598.95 , $17.17 , $63.65 ," $14,268.52 "
10,2,2019,2/10/2019," $12,077.56 ", $887.15 , $677.42 , $3.69 , $51.58 , $66.38 ," $1,000.00 ", $500.00 ,, $50.00 ,,," $13,384.61 "," $1,082.37 ", $759.79 , $20.63 , $66.38 ," $15,313.78 "
11,2,2019,2/11/2019," $39,415.81 "," $2,517.00 "," $2,875.01 ", $530.73 , $96.75 , $928.44 ," $1,000.00 ", $600.00 ,, $100.00 ,,," $40,868.03 "," $2,712.22 "," $3,007.38 ", $547.67 , $928.44 ," $48,063.74 "
12,2,2019,2/12/2019," $37,539.74 "," $2,455.41 "," $2,971.31 ", $697.52 , $50.24 , $612.85 ," $1,000.00 ", $700.00 ,, $100.00 ,,," $39,045.45 "," $2,650.63 "," $3,103.68 ", $714.46 , $612.85 ," $46,127.07 "
13,2,2019,2/13/2019," $34,437.60 "," $2,080.34 "," $2,526.45 ", $753.02 , $77.56 , $652.43 ," $1,000.00 "," $1,200.00 ",, $50.00 ,,," $36,470.63 "," $2,275.56 "," $2,608.82 ", $769.96 , $652.43 ," $42,777.40 "
14,2,2019,2/14/2019," $25,269.02 "," $1,669.03 "," $2,241.85 ", $454.96 , $78.07 , $529.23 ," $1,000.00 ", $200.00 ,, $100.00 ,,," $26,302.56 "," $1,864.25 "," $2,374.22 ", $471.90 , $529.23 ," $31,542.16 "
15,2,2019,2/15/2019," $31,368.43 "," $2,522.71 "," $1,925.52 ", $115.38 , $64.45 , $655.62 ," $1,000.00 ",,,,,," $32,188.35 "," $2,717.93 "," $1,957.89 ", $132.32 , $655.62 ," $37,652.11 "
16,2,2019,2/16/2019," $7,665.06 ", $830.95 , $613.22 , $-   , $59.03 , $78.47 ," $1,000.00 ",,,,,," $8,479.56 "," $1,026.17 ", $645.59 , $16.94 , $78.47 ," $10,246.73 "
17,2,2019,2/17/2019," $7,219.15 ", $858.46 , $670.49 , $-   , $82.44 , $53.19 ," $1,000.00 ",,,,,," $8,057.06 "," $1,053.68 ", $702.86 , $16.94 , $53.19 ," $9,883.73 "
18,2,2019,2/18/2019," $35,178.95 "," $2,042.32 "," $2,435.04 ", $23.24 , $48.75 , $876.79 ," $1,000.00 ",,,,,," $35,983.17 "," $2,237.54 "," $2,467.41 ", $40.18 , $876.79 ," $41,605.09 "
19,2,2019,2/19/2019," $40,939.51 "," $2,352.99 "," $2,531.23 ", $464.78 , $103.33 , $914.01 ," $1,000.00 ",,,,,," $41,798.31 "," $2,548.21 "," $2,563.60 ", $481.72 , $914.01 ," $48,305.85 "
20,2,2019,2/20/2019," $42,396.16 "," $2,167.16 "," $2,886.02 ", $584.10 , $105.64 , $919.07 ," $1,000.00 ",,,,,," $43,257.27 "," $2,362.38 "," $2,918.39 ", $601.04 , $919.07 ," $50,058.15 "
21,2,2019,2/21/2019," $34,341.28 "," $1,767.44 "," $2,405.08 ", $545.98 , $71.97 , $680.18 ," $1,000.00 ",,,,,," $35,168.72 "," $1,962.66 "," $2,437.45 ", $562.92 , $680.18 ," $40,811.93 "
22,2,2019,2/22/2019," $29,201.86 "," $2,043.62 "," $1,895.71 ", $604.63 , $39.41 , $587.48 ," $1,000.00 ",,,,,," $29,996.74 "," $2,238.84 "," $1,928.08 ", $621.57 , $587.48 ," $35,372.71 "
23,2,2019,2/23/2019," $8,798.85 "," $1,096.35 ", $639.71 , $-   , $54.64 , $52.62 ," $1,000.00 ",,,,,," $9,608.96 "," $1,291.57 ", $672.08 , $16.94 , $52.62 ," $11,642.17 "
24,2,2019,2/24/2019," $9,005.30 "," $1,297.93 ", $667.12 , $1.94 , $206.10 , $45.88 ," $1,000.00 ",,,,,," $9,966.87 "," $1,493.15 ", $699.49 , $18.88 , $45.88 ," $12,224.27 "
25,2,2019,2/25/2019," $35,561.30 "," $2,090.88 "," $3,646.85 ", $671.85 , $181.74 , $952.67 ," $1,000.00 ",,,,,," $36,498.51 "," $2,286.10 "," $3,679.22 ", $688.79 , $952.67 ," $44,105.29 "
26,2,2019,2/26/2019," $34,630.71 "," $1,922.94 "," $2,621.90 ", $689.11 , $49.78 , $959.15 ," $1,000.00 ",,,,,," $35,435.96 "," $2,118.16 "," $2,654.27 ", $706.05 , $959.15 ," $41,873.59 "
27,2,2019,2/27/2019," $36,065.77 "," $2,128.83 "," $3,065.63 ", $540.31 , $55.19 , $702.12 ," $1,000.00 ",,,,,," $36,876.43 "," $2,324.05 "," $3,098.00 ", $557.25 , $702.12 ," $43,557.85 "
28,2,2019,2/28/2019," $37,175.04 "," $1,457.61 "," $2,782.57 ", $560.42 , $78.29 , $745.98 ," $1,000.00 ",,,,,," $38,008.80 "," $1,652.83 "," $2,814.94 ", $577.36 , $745.98 ," $43,799.91 "
1,3,2019,3/1/2019," $32,328.25 "," $1,994.08 "," $2,518.51 ", $441.29 , $113.60 , $662.95 ," $1,000.00 ",,,,,," $33,197.32 "," $2,189.30 "," $2,550.88 ", $458.23 , $662.95 ," $39,058.68 "
2,3,2019,3/2/2019," $9,564.64 ", $784.11 , $695.72 , $3.82 , $119.08 , $43.91 ," $1,000.00 ",,,,,," $10,439.19 ", $979.33 , $728.09 , $20.76 , $43.91 ," $12,211.28 "
3,3,2019,3/3/2019," $10,067.98 ", $874.47 , $798.45 , $5.56 , $82.07 , $31.00 ," $1,000.00 ",,,,,," $10,905.52 "," $1,069.69 ", $830.82 , $22.50 , $31.00 ," $12,859.53 "
4,3,2019,3/4/2019," $38,238.61 "," $2,569.60 "," $3,293.32 ", $701.47 , $52.52 , $834.57 ," $1,000.00 ",,,,,," $39,046.60 "," $2,764.82 "," $3,325.69 ", $718.41 , $834.57 ," $46,690.09 "
5,3,2019,3/5/2019," $39,602.83 "," $2,826.32 "," $3,534.49 ", $658.73 , $109.34 , $764.85 ," $1,000.00 ",,,,,," $40,467.64 "," $3,021.54 "," $3,566.86 ", $675.67 , $764.85 ," $48,496.56 "
6,3,2019,3/6/2019," $36,727.19 "," $2,756.41 "," $3,363.35 ", $733.35 , $123.99 , $763.06 ," $1,000.00 ",,,,,," $37,606.65 "," $2,951.63 "," $3,395.72 ", $750.29 , $763.06 ," $45,467.35 "
7,3,2019,3/7/2019," $35,411.63 "," $1,910.17 "," $2,609.94 ", $745.70 , $108.39 , $832.27 ," $1,000.00 ",,,,,," $36,275.49 "," $2,105.39 "," $2,642.31 ", $762.64 , $832.27 ," $42,618.10 "
8,3,2019,3/8/2019," $32,639.18 "," $2,438.01 "," $1,936.59 ", $590.54 , $358.81 , $619.95 ," $1,000.00 ",,,,,," $33,753.46 "," $2,633.23 "," $1,968.96 ", $607.48 , $619.95 ," $39,583.08 "
9,3,2019,3/9/2019," $12,466.20 ", $707.88 , $662.38 , $2.76 , $224.70 , $53.25 ," $1,000.00 ",,,,,," $13,446.37 ", $903.10 , $694.75 , $19.70 , $53.25 ," $15,117.17 "
10,3,2019,3/10/2019," $12,517.90 "," $1,109.10 ", $731.26 , $1.69 , $115.62 , $65.85 ," $1,000.00 ",,,,,," $13,388.99 "," $1,304.32 ", $763.63 , $18.63 , $65.85 ," $15,541.42 "
11,3,2019,3/11/2019," $39,567.78 "," $1,980.06 "," $3,342.75 ", $686.63 , $144.35 , $986.61 ," $1,000.00 ",,,,,," $40,467.60 "," $2,175.28 "," $3,375.12 ", $703.57 , $986.61 ," $47,708.18 "
12,3,2019,3/12/2019," $41,907.10 "," $1,898.73 "," $3,114.89 ", $452.67 , $99.09 , $839.31 ," $1,000.00 ",,,,,," $42,761.66 "," $2,093.95 "," $3,147.26 ", $469.61 , $839.31 ," $49,311.79 "
13,3,2019,3/13/2019," $37,455.20 "," $1,992.32 "," $2,267.71 ", $529.06 , $95.60 , $753.66 ," $1,000.00 ",,,,,," $38,306.27 "," $2,187.54 "," $2,300.08 ", $546.00 , $753.66 ," $44,093.55 "
14,3,2019,3/14/2019," $35,084.82 "," $1,321.13 "," $2,568.05 ", $457.41 , $87.91 , $645.64 ," $1,000.00 ",,,,,," $35,928.20 "," $1,516.35 "," $2,600.42 ", $474.35 , $645.64 ," $41,164.96 "
15,3,2019,3/15/2019," $32,122.38 "," $1,507.69 "," $1,923.62 ", $404.16 , $144.24 , $640.77 ," $1,000.00 ",,,,,," $33,022.09 "," $1,702.91 "," $1,955.99 ", $421.10 , $640.77 ," $37,742.86 "
16,3,2019,3/16/2019," $8,519.83 ", $751.78 , $544.93 , $3.57 , $258.61 , $80.15 ," $1,000.00 ",,,,,," $9,533.91 ", $947.00 , $577.30 , $20.51 , $80.15 ," $11,158.87 "
17,3,2019,3/17/2019," $9,293.61 ", $618.79 , $687.95 , $9.10 , $207.38 , $47.28 ," $1,000.00 ",,,,,," $10,256.46 ", $814.01 , $720.32 , $26.04 , $47.28 ," $11,864.11 "
18,3,2019,3/18/2019," $38,581.03 "," $1,802.33 "," $3,471.07 ", $403.39 , $177.46 , $935.26 ," $1,000.00 ",,,,,," $39,513.96 "," $1,997.55 "," $3,503.44 ", $420.33 , $935.26 ," $46,370.54 "
19,3,2019,3/19/2019," $37,415.80 "," $1,740.10 "," $3,125.77 ", $548.71 , $295.33 , $850.45 ," $1,000.00 ",,,,,," $38,466.60 "," $1,935.32 "," $3,158.14 ", $565.65 , $850.45 ," $44,976.16 "
20,3,2019,3/20/2019," $38,264.54 "," $1,634.29 "," $3,078.48 ", $379.26 , $176.60 , $658.01 ," $1,000.00 ",,,,,," $39,196.61 "," $1,829.51 "," $3,110.85 ", $396.20 , $658.01 ," $45,191.18 "
21,3,2019,3/21/2019," $30,254.24 "," $1,480.30 "," $2,797.71 ", $437.23 , $201.45 , $591.46 ," $1,000.00 ",,,,,," $31,211.16 "," $1,675.52 "," $2,830.08 ", $454.17 , $591.46 ," $36,762.39 "
22,3,2019,3/22/2019," $25,222.76 "," $1,639.45 "," $1,699.78 ", $316.06 , $205.90 , $556.60 ," $1,000.00 ",,,,,," $26,184.13 "," $1,834.67 "," $1,732.15 ", $333.00 , $556.60 ," $30,640.55 "
23,3,2019,3/23/2019," $7,768.66 ", $577.50 , $508.75 , $-   , $183.97 , $24.42 ," $1,000.00 ",,,,,," $8,708.10 ", $772.72 , $541.12 , $16.94 , $24.42 ," $10,063.30 "
24,3,2019,3/24/2019," $8,089.03 ", $653.56 , $550.76 , $3.91 , $188.96 , $62.08 ," $1,000.00 ",,,,,," $9,033.46 ", $848.78 , $583.13 , $20.85 , $62.08 ," $10,548.30 "
25,3,2019,3/25/2019," $31,891.50 "," $2,118.93 "," $2,880.44 ", $427.88 , $119.37 ," $1,070.37 "," $1,000.00 ",,,,,," $32,766.34 "," $2,314.15 "," $2,912.81 ", $444.82 ," $1,070.37 "," $39,508.49 "
26,3,2019,3/26/2019," $29,623.21 "," $2,082.00 "," $2,506.25 ", $448.59 , $107.68 , $867.26 ," $1,000.00 ",,,,,," $30,486.36 "," $2,277.22 "," $2,538.62 ", $465.53 , $867.26 ," $36,634.99 "
27,3,2019,3/27/2019," $26,810.89 "," $1,621.81 "," $2,104.73 ", $423.26 , $150.05 , $790.54 ," $1,000.00 ",,,,,," $27,716.41 "," $1,817.03 "," $2,137.10 ", $440.20 , $790.54 ," $32,901.28 "
28,3,2019,3/28/2019," $26,110.42 "," $1,043.31 "," $2,156.79 ", $205.57 ," $5,574.28 ", $695.54 ," $1,000.00 ",,,,,," $32,440.17 "," $1,238.53 "," $2,189.16 ", $222.51 , $695.54 ," $36,785.91 "
29,3,2019,3/29/2019," $23,574.41 "," $1,851.31 "," $1,506.15 ", $296.09 ," $2,896.89 ", $663.83 ," $1,000.00 ",,,,,," $27,226.77 "," $2,046.53 "," $1,538.52 ", $313.03 , $663.83 ," $31,788.68 "
30,3,2019,3/30/2019," $5,058.62 ", $627.48 , $389.92 , $2.45 , $409.69 , $68.14 ," $1,000.00 ",,,,,," $6,223.78 ", $822.70 , $422.29 , $19.39 , $68.14 ," $7,556.30 "
31,3,2019,3/31/2019," $5,157.74 ", $852.29 , $373.59 , $1.97 ," $2,074.83 ", $36.33 ," $1,000.00 ",,,,,," $7,988.04 "," $1,047.51 ", $405.96 , $18.91 , $36.33 ," $9,496.75 "
1,4,2019,4/1/2019," $24,109.47 "," $2,581.46 "," $1,631.56 ", $289.35 ," $3,224.03 ", $619.19 ," $1,000.00 ",,,,,," $28,088.97 "," $2,776.68 "," $1,663.93 ", $306.29 , $619.19 ," $33,455.06 "
2,4,2019,4/2/2019," $24,307.17 "," $2,969.91 "," $1,879.79 ", $244.33 ," $5,486.11 ", $503.61 ," $1,000.00 ",,,,,," $30,548.74 "," $3,165.13 "," $1,912.16 ", $261.27 , $503.61 ," $36,390.91 "
3,4,2019,4/3/2019," $24,460.25 "," $2,496.01 "," $2,007.84 ", $316.32 ," $5,331.72 ", $468.25 ," $1,000.00 ",,,,,," $30,547.44 "," $2,691.23 "," $2,040.21 ", $333.26 , $468.25 ," $36,080.39 "
4,4,2019,4/4/2019," $24,369.17 "," $1,825.05 "," $2,392.62 ", $334.05 ," $5,176.20 ", $436.31 ," $1,000.00 ",,,,,," $30,300.84 "," $2,020.27 "," $2,424.99 ", $350.99 , $436.31 ," $35,533.40 "
5,4,2019,4/5/2019," $20,408.85 "," $2,405.30 "," $1,631.56 ", $399.36 ," $5,033.78 ", $499.43 ," $1,000.00 ",,,,,," $26,198.10 "," $2,600.52 "," $1,663.93 ", $416.30 , $499.43 ," $31,378.28 "
6,4,2019,4/6/2019," $7,544.56 ", $780.84 , $428.21 , $8.07 ," $5,041.37 ", $38.93 ," $1,000.00 ",,,,,," $13,341.40 ", $976.06 , $460.58 , $25.01 , $38.93 ," $14,841.98 "
7,4,2019,4/7/2019," $7,075.60 ", $991.02 , $441.94 , $5.24 ," $5,006.25 ", $42.13 ," $1,000.00 ",,,,,," $12,837.32 "," $1,186.24 ", $474.31 , $22.18 , $42.13 ," $14,562.18 "
8,4,2019,4/8/2019," $22,598.68 "," $2,749.30 "," $2,331.02 ", $943.05 ," $5,410.43 ", $570.47 ," $1,000.00 ",,,,,," $28,764.58 "," $2,944.52 "," $2,363.39 ", $959.99 , $570.47 ," $35,602.95 "
9,4,2019,4/9/2019," $21,128.82 "," $2,582.51 "," $2,100.28 "," $1,527.00 "," $5,348.21 ", $507.92 ," $1,000.00 ",,,,,," $27,232.49 "," $2,777.73 "," $2,132.65 "," $1,543.94 ", $507.92 ," $34,194.73 "
10,4,2019,4/10/2019," $20,320.33 "," $2,337.23 "," $2,165.86 "," $2,136.11 "," $6,756.61 ", $370.20 ," $1,000.00 ",,,,,," $27,832.40 "," $2,532.45 "," $2,198.23 "," $2,153.05 ", $370.20 ," $35,086.33 "
11,4,2019,4/11/2019," $24,343.92 "," $1,847.92 "," $1,653.50 "," $2,328.48 "," $8,197.10 ", $451.84 ," $1,000.00 ",,,,,," $33,296.49 "," $2,043.14 "," $1,685.87 "," $2,345.42 ", $451.84 ," $39,822.76 "
12,4,2019,4/12/2019," $24,399.08 "," $2,890.36 "," $1,385.76 "," $2,275.89 "," $6,077.16 ", $389.74 ," $1,000.00 ",,,,,," $31,231.71 "," $3,085.58 "," $1,418.13 "," $2,292.83 ", $389.74 ," $38,417.99 "
13,4,2019,4/13/2019," $15,956.69 "," $1,178.98 ", $590.71 , $21.29 ," $6,014.75 ", $285.09 ," $1,000.00 ",,,,,," $22,726.90 "," $1,374.20 ", $623.08 , $38.23 , $285.09 ," $25,047.50 "
14,4,2019,4/14/2019," $16,202.55 ", $963.84 , $991.95 , $23.72 ," $6,011.72 ", $344.82 ," $1,000.00 ",,,,,," $22,969.74 "," $1,159.06 "," $1,024.32 ", $40.66 , $344.82 ," $25,538.60 "
15,4,2019,4/15/2019," $26,811.35 "," $2,672.43 "," $1,624.76 ", $753.60 ," $4,763.86 ", $448.07 ," $1,000.00 ",,,,,," $32,330.67 "," $2,867.65 "," $1,657.13 ", $770.54 , $448.07 ," $38,074.06 "
16,4,2019,4/16/2019," $26,403.40 "," $2,827.91 "," $1,733.67 ", $570.84 ," $7,843.32 ", $396.81 ," $1,000.00 ",,,,,," $35,002.18 "," $3,023.13 "," $1,766.04 ", $587.78 , $396.81 ," $40,775.94 "
17,4,2019,4/17/2019," $24,929.06 "," $2,970.82 "," $1,214.67 ", $656.00 ," $3,577.80 ", $402.37 ," $1,000.00 ",,,,,," $29,262.33 "," $3,166.04 "," $1,247.04 ", $672.94 , $402.37 ," $34,750.72 "
18,4,2019,4/18/2019," $22,851.83 "," $2,405.29 "," $1,194.26 ", $572.65 ," $1,041.55 ", $406.36 ," $1,000.00 ",,,,,," $24,648.85 "," $2,600.51 "," $1,226.63 ", $589.59 , $406.36 ," $29,471.94 "
19,4,2019,4/19/2019," $21,415.44 "," $2,403.26 "," $1,015.77 ", $408.95 ," $3,198.06 ", $298.68 ," $1,000.00 ",,,,,," $25,368.97 "," $2,598.48 "," $1,048.14 ", $425.89 , $298.68 ," $29,740.16 "
20,4,2019,4/20/2019," $12,207.05 "," $1,122.60 ", $500.05 , $-   ," $5,798.26 ", $240.02 ," $1,000.00 ",,,,,," $18,760.78 "," $1,317.82 ", $532.42 , $16.94 , $240.02 ," $20,867.98 "
21,4,2019,4/21/2019," $12,855.43 "," $1,016.74 ", $550.16 , $6.64 ," $3,525.35 ", $250.28 ," $1,000.00 ",,,,,," $17,136.24 "," $1,211.96 ", $582.53 , $23.58 , $250.28 ," $19,204.59 "
22,4,2019,4/22/2019," $20,313.36 "," $2,967.65 "," $1,201.15 ", $625.12 ," $7,184.66 ", $501.88 ," $1,000.00 ",,,,,," $28,253.49 "," $3,162.87 "," $1,233.52 ", $642.06 , $501.88 ," $33,793.82 "
23,4,2019,4/23/2019," $21,101.52 "," $3,238.26 "," $1,236.37 ", $612.62 , $476.27 , $538.63 ," $1,000.00 ",,,,,," $22,333.26 "," $3,433.48 "," $1,268.74 ", $629.56 , $538.63 ," $28,203.67 "
24,4,2019,4/24/2019," $21,934.42 "," $3,095.74 "," $1,257.36 ", $403.15 , $338.84 , $671.55 ," $1,000.00 ",,,,,," $23,028.72 "," $3,290.96 "," $1,289.73 ", $420.09 , $671.55 ," $28,701.05 "
25,4,2019,4/25/2019," $22,834.68 "," $1,656.60 "," $1,165.63 ", $452.50 ," $6,040.45 ", $773.68 ," $1,000.00 ",,,,,," $29,630.60 "," $1,851.82 "," $1,198.00 ", $469.44 , $773.68 ," $33,923.54 "
26,4,2019,4/26/2019,"$21,067.20 "," $2,433.01 "," $1,136.73 ", $583.69 ," $5,541.64 ", $698.10 ," $1,000.00 ",,,,,," $27,364.31 "," $2,628.23 "," $1,169.10 ", $600.63 , $698.10 ," $32,460.37 "
27,4,2019,4/27/2019,"$3,115.78 ", $748.93 , $361.57 , $-   ," $2,970.77 ", $1.61 ," $1,000.00 ",,,,,," $6,842.02 ", $944.15 , $393.94 , $16.94 , $1.61 ," $8,198.66 "
28,4,2019,4/28/2019,"$2,878.25 "," $1,059.52 ", $275.28 , $6.62 ," $3,075.82 ", $1.59 ," $1,000.00 ",,,,,," $6,709.54 "," $1,254.74 ", $307.65 , $23.56 , $1.59 ," $8,297.08 "
29,4,2019,4/29/2019,"$28,219.87 "," $2,419.55 "," $1,344.50 ", $644.42 ," $3,249.89 ", $908.11 ," $1,000.00 ",,,,,," $32,225.23 "," $2,614.77 "," $1,376.87 ", $661.36 , $908.11 ," $37,786.34 "
30,4,2019,4/30/2019,"$24,956.95 "," $2,907.03 "," $1,251.32 ", $474.02 ," $2,586.95 ", $738.14 ," $1,000.00 ",,,,,," $28,299.37 "," $3,102.25 "," $1,283.69 ", $490.96 , $738.14 ," $33,914.41 "
1,5,2019,5/1/2019,"$22,375.96 "," $3,703.06 "," $1,302.91 ", $379.18 ," $3,743.56 ", $567.53 ," $1,000.00 ",,,,,," $26,874.98 "," $3,898.28 "," $1,335.28 ", $396.12 , $567.53 ," $33,072.19 "
2,5,2019,5/2/2019," $17,035.28 "," $2,734.10 "," $1,054.25 ", $517.76 ," $3,776.30 ", $549.07 ," $1,000.00 ",,,,,," $21,567.05 "," $2,929.32 "," $1,086.62 ", $534.70 , $549.07 ," $26,666.76 "
3,5,2019,5/3/2019," $16,142.81 "," $3,816.60 "," $1,011.21 ", $379.25 ," $2,888.20 ", $490.64 ," $1,000.00 ",,,,,," $19,786.48 "," $4,011.82 "," $1,043.58 ", $396.19 , $490.64 ," $25,728.71 "
4,5,2019,5/4/2019," $2,691.56 "," $1,171.30 ", $281.82 , $3.00 ," $2,901.93 ", $4.40 ," $1,000.00 ",,,,,," $6,348.95 "," $1,366.52 ", $314.19 , $19.94 , $4.40 ," $8,054.00 "
5,5,2019,5/5/2019," $2,745.71 "," $1,166.08 ", $311.57 , $4.96 ," $2,902.06 ", $1.42 ," $1,000.00 ",,,,,," $6,403.25 "," $1,361.30 ", $343.94 , $21.90 , $1.42 ," $8,131.81 "
6,5,2019,5/6/2019," $21,206.83 "," $3,848.66 "," $1,170.42 ", $496.81 ," $1,885.46 ", $763.92 ," $1,000.00 ",,,,,," $23,847.76 "," $4,043.88 "," $1,202.79 ", $513.75 , $763.92 ," $30,372.10 "
7,5,2019,5/7/2019," $18,274.53 "," $4,304.31 "," $1,101.48 ", $538.67 ," $5,481.94 ", $784.99 ," $1,000.00 ",,,,,," $24,511.95 "," $4,499.53 "," $1,133.85 ", $555.61 , $784.99 ," $31,485.93 "
8,5,2019,5/8/2019," $18,443.30 "," $3,790.92 "," $1,267.96 ", $430.84 ," $5,248.39 ", $526.26 ," $1,000.00 ",,,,,," $24,447.15 "," $3,986.14 "," $1,300.33 ", $447.78 , $526.26 ," $30,707.66 "
9,5,2019,5/9/2019," $16,359.75 "," $2,988.08 ", $879.72 , $462.06 ," $5,192.79 ", $534.01 ," $1,000.00 ",,,,,," $22,308.00 "," $3,183.30 ", $912.09 , $479.00 , $534.01 ," $27,416.40 "
10,5,2019,5/10/2019," $14,206.16 "," $3,840.89 ", $690.43 , $453.51 ," $5,000.68 ", $502.29 ," $1,000.00 ",,,,,," $19,962.31 "," $4,036.11 ", $722.80 , $470.45 , $502.29 ," $25,693.96 "
11,5,2019,5/11/2019," $2,813.43 ", $976.32 , $51.11 , $-   , $230.66 , $1.37 ," $1,000.00 ",,,,,," $3,799.56 "," $1,171.54 ", $83.48 , $16.94 , $1.37 ," $5,072.89 "
12,5,2019,5/12/2019," $2,817.25 "," $1,041.67 ", $69.76 , $9.16 , $186.29 , $3.19 ," $1,000.00 ",,,,,," $3,759.01 "," $1,236.89 ", $102.13 , $26.10 , $3.19 ," $5,127.32 "
13,5,2019,5/13/2019," $17,603.91 "," $3,451.00 ", $922.91 , $641.09 , $18.50 , $669.05 ," $1,000.00 ",,,,,," $18,377.88 "," $3,646.22 ", $955.28 , $658.03 , $669.05 ," $24,306.46 "
14,5,2019,5/14/2019," $16,593.94 "," $4,297.49 ", $945.78 , $740.93 , $174.27 , $705.43 ," $1,000.00 ",,,,,," $17,523.68 "," $4,492.71 ", $978.15 , $757.87 , $705.43 ," $24,457.84 "
15,5,2019,5/15/2019," $15,370.19 "," $4,416.52 ", $769.86 , $486.33 ," $2,090.25 ", $784.85 ," $1,000.00 ",,,,,," $18,215.91 "," $4,611.74 ", $802.23 , $503.27 , $784.85 ," $24,917.99 "
16,5,2019,5/16/2019," $13,886.75 "," $3,520.97 ", $677.94 , $624.10 ," $3,088.43 ", $734.68 ," $1,000.00 ",,,,,," $17,730.64 "," $3,716.19 ", $710.31 , $641.04 , $734.68 ," $23,532.87 "
17,5,2019,5/17/2019," $12,556.54 "," $5,469.97 ", $423.54 , $390.44 ," $1,599.93 ", $621.41 ," $1,000.00 ",,,,,," $14,911.93 "," $5,665.19 ", $455.91 , $407.38 , $621.41 ," $22,061.83 "
18,5,2019,5/18/2019," $2,621.03 "," $2,480.36 ", $75.61 , $4.18 ," $3,379.58 ", $5.75 ," $1,000.00 ",,,,,," $6,756.08 "," $2,675.58 ", $107.98 , $21.12 , $5.75 ," $9,566.50 "
19,5,2019,5/19/2019," $2,703.23 "," $2,389.57 ", $84.23 , $31.17 ," $2,493.50 ", $-   ," $1,000.00 ",,,,,," $5,952.20 "," $2,584.79 ", $116.60 , $48.11 , $-   ," $8,701.70 "
20,5,2019,5/20/2019," $16,857.84 "," $5,435.51 ", $625.06 , $414.93 ," $1,916.64 ", $781.59 ," $1,000.00 ",,,,,," $19,529.95 "," $5,630.73 ", $657.43 , $431.87 , $781.59 ," $27,031.57 "
21,5,2019,5/21/2019," $12,633.21 "," $4,838.64 ", $648.61 , $511.67 ," $3,035.67 ", $662.58 ," $1,000.00 ",,,,,," $16,424.35 "," $5,033.86 ", $680.98 , $528.61 , $662.58 ," $23,330.38 "
22,5,2019,5/22/2019," $16,695.89 "," $5,171.59 ", $618.04 , $637.81 , $797.87 , $384.91 ," $1,000.00 ",,,,,," $18,249.22 "," $5,366.81 ", $650.41 , $654.75 , $384.91 ," $25,306.11 "
23,5,2019,5/23/2019," $17,306.69 "," $4,146.02 ", $553.83 , $347.91 ,, $660.27 ," $1,000.00 ",,,,,," $18,062.16 "," $4,341.24 ", $586.20 , $364.85 , $660.27 ," $24,014.72 "
24,5,2019,5/24/2019," $12,948.15 "," $4,221.86 ", $325.12 , $284.38 ," $2,422.22 ", $501.02 ," $1,000.00 ",,,,,," $16,125.84 "," $4,417.08 ", $357.49 , $301.32 , $501.02 ," $21,702.75 "
25,5,2019,5/25/2019," $3,156.45 "," $1,750.91 ", $44.34 , $0.20 ," $2,423.06 ", $4.53 ," $1,000.00 ",,,,,," $6,334.98 "," $1,946.13 ", $76.71 , $17.14 , $4.53 ," $8,379.49 "
26,5,2019,5/26/2019," $3,035.25 "," $1,735.28 ", $34.22 , $-   ," $2,466.38 ", $7.57 ," $1,000.00 ",,,,,," $6,257.10 "," $1,930.50 ", $66.59 , $16.94 , $7.57 ," $8,278.70 "
27,5,2019,5/27/2019," $9,597.85 "," $4,023.35 ", $349.58 , $416.97 ," $2,357.39 ", $358.88 ," $1,000.00 ",,,,,," $12,710.71 "," $4,218.57 ", $381.95 , $433.91 , $358.88 ," $18,104.02 "
28,5,2019,5/28/2019, $-   , $-   , $592.83 , $431.86 ," $2,642.85 ", $678.70 ," $1,000.00 ",,,,,," $20,035.43 "," $4,363.49 ", $625.20 , $448.80 , $678.70 ," $26,151.62 "
29,5,2019,5/29/2019, $-   , $-   ,,,,," $1,000.00 ",,,,,," $15,022.42 "," $4,090.63 ",  ,  , $-   ," $19,113.05 "
30,5,2019,5/30/2019, $-   , $-   ,,,,," $1,000.00 ",,,,,," $16,067.90 "," $3,201.84 ",  ,  , $-   ," $19,269.74 "
31,5,2019,5/31/2019, $-   , $-   ,,,,," $1,000.00 ",,,,,," $14,973.90 "," $3,782.73 ",  ,  , $-   ," $18,756.63 "
1,6,2019,6/1/2019,261.39,27.6,62.03,0.26,2543.73,6.14, $500.00 , $813.81 ," $1,039.49 ",,,," $3,996.67 "," $1,164.70 ", $78.22 , $8.73 , $6.14 ," $5,254.45 "
2,6,2019,6/2/2019,238.07,6.81,55.81,0,2527.94,4.57, $500.00 ," $1,200.88 "," $1,115.91 ",,,," $4,344.63 "," $1,220.33 ", $72.00 , $8.47 , $4.57 ," $5,649.99 "
3,6,2019,6/3/2019,6854.66,58.43,595.19,547.38,2740.87,513.51, $500.00 ," $7,130.19 "," $2,884.18 ",,,," $17,103.46 "," $3,040.22 ", $611.38 , $555.85 , $513.51 ," $21,824.41 "
4,6,2019,6/4/2019,5819.67,3.67,550.1,564.07,2668.06,557.44, $500.00 ," $7,182.34 "," $2,635.89 ",,,," $16,047.81 "," $2,737.17 ", $566.29 , $572.54 , $557.44 ," $20,481.24 "
5,6,2019,6/5/2019,5488.66,29.3,564.01,347.68,2624.84,519.54, $500.00 ," $6,571.61 "," $2,731.50 "," $1,949.72 ",,," $17,012.57 "," $2,858.41 ", $580.20 , $356.15 , $519.54 ," $21,326.86 "
6,6,2019,6/6/2019,6284.57,16.79,445.13,204.59,2354.56,540.45, $500.00 ," $6,237.19 "," $2,028.68 "," $2,004.06 ",,," $17,258.12 "," $2,143.08 ", $461.32 , $213.06 , $540.45 ," $20,616.02 "
7,6,2019,6/7/2019,4991.63,21.43,438.98,235.11,2697.28,355.44, $500.00 ," $5,310.89 "," $2,369.79 "," $2,000.00 ",,," $15,377.54 "," $2,488.83 ", $455.17 , $243.58 , $355.44 ," $18,920.55 "
8,6,2019,6/8/2019,823.03,28.02,77.6,2.07,2515.09,0, $500.00 ," $1,000.63 "," $1,050.50 "," $2,089.59 ",,," $6,806.08 "," $1,176.13 ", $93.79 , $10.54 , $-   ," $8,086.53 "
9,6,2019,6/9/2019,787.67,0,56.76,1.73,2520.77,1.8, $500.00 ," $1,197.73 "," $1,128.06 "," $1,957.52 ",,," $6,841.43 "," $1,225.67 ", $72.95 , $10.20 , $1.80 ," $8,152.04 "
10,6,2019,6/10/2019,7824.94,102.59,879.99,586.39,2719.48,494.75, $500.00 ," $5,091.84 "," $2,632.38 "," $2,025.55 ",,," $18,039.55 "," $2,832.58 ", $896.18 , $594.86 , $494.75 ," $22,857.91 "
11,6,2019,6/11/2019,7784.37,22.1,517.95,725.79,2655.84,476.39, $500.00 ," $5,155.95 "," $2,650.85 "," $2,016.55 ",,," $17,990.45 "," $2,770.56 ", $534.14 , $734.26 , $476.39 ," $22,505.79 "
12,6,2019,6/12/2019,6063.87,325.27,666.54,599.14,2586.37,556.94, $500.00 ," $5,028.71 "," $2,601.42 "," $2,004.17 ",,," $14,056.69 "," $3,024.30 ", $682.73 , $607.61 , $556.94 ," $18,928.26 "
13,6,2019,6/13/2019,7601.62,526.83,741.47,1003.87,1540.44,501.81, $500.00 ," $5,928.34 "," $1,358.77 "," $1,938.17 ",,," $15,448.14 "," $1,983.21 ", $757.66 ," $1,012.34 ", $501.81 ," $19,703.15 "
14,6,2019,6/14/2019,9418.13,547.77,557.71,766.8,1452.09,354.26, $500.00 ," $6,976.32 "," $3,424.88 "," $2,034.57 ",,," $18,224.28 "," $4,070.26 "," $2,608.47 ", $775.27 , $354.26 ," $26,032.53 "
15,6,2019,6/15/2019,1229.6,162.43,136.86,0.85,,2.1, $500.00 ," $2,337.28 "," $1,724.63 "," $2,022.62 ",,," $3,944.62 "," $1,984.67 "," $2,175.67 ", $9.32 , $2.10 ," $8,116.37 "
16,6,2019,6/16/2019,1565.88,147.79,102.78,0,,5.97, $500.00 ," $2,541.27 "," $2,050.36 "," $1,955.05 ",,," $4,484.89 "," $2,295.76 "," $2,074.02 ", $8.47 , $5.97 ," $8,869.10 "
17,6,2019,6/17/2019,18744.85,982.03,665.82,614.11,1618.35,481.55, $500.00 ," $5,037.63 "," $3,692.88 ", $595.66 ,,," $25,778.57 "," $4,772.52 "," $1,277.67 ", $622.58 , $481.55 ," $32,932.88 "
18,6,2019,6/18/2019,14710.29,986.57,501.75,871.58,1572.95,445.2, $500.00 ," $5,703.86 "," $3,179.86 ", $246.52 ,,," $22,364.84 "," $4,264.04 ", $764.46 , $880.05 , $445.20 ," $28,718.58 "
19,6,2019,6/19/2019,18308.28,1638.97,565.62,338.95,575.63,426.9, $500.00 ," $5,108.83 "," $3,238.03 ", $246.57 ,,," $24,370.48 "," $4,974.61 ", $828.38 , $347.42 , $426.90 ," $30,947.78 "
20,6,2019,6/20/2019,15560.86,1549.14,700.51,297.99,2389.4,485.9, $500.00 ," $5,089.92 "," $3,256.34 ", $238.25 ,,," $23,417.92 "," $4,903.09 ", $954.95 , $306.46 , $485.90 ," $30,068.31 "
21,6,2019,6/21/2019,16181.48,1487.66,562.92,965.16,1327.17,371.61, $500.00 ," $5,277.97 "," $3,880.77 ", $245.81 ,,," $23,164.36 "," $5,466.04 ", $824.92 , $973.63 , $371.61 ," $30,800.55 "
22,6,2019,6/22/2019,1398.35,407.33,89.9,0.42,0,0, $500.00 ," $2,551.89 "," $1,833.66 ", $249.82 ,,," $4,327.98 "," $2,338.60 ", $355.91 , $8.89 , $-   ," $7,031.37 "
23,6,2019,6/23/2019,1832.47,635.79,101.14,0.08,,2, $500.00 ," $2,522.73 "," $2,084.11 ", $249.02 ,,," $4,732.94 "," $2,817.51 ", $366.35 , $8.55 , $2.00 ," $7,927.34 "
24,6,2019,6/24/2019,19334.8,1952.8,765.75,466.85,1437.09,554.69, $500.00 ," $6,230.62 "," $4,348.24 ", $251.94 ,,," $27,380.25 "," $6,398.65 "," $1,033.88 ", $475.32 , $554.69 ," $35,842.78 "
25,6,2019,6/25/2019,18457.05,2024.22,711.7,465.7,1752.26,430.08, $500.00 ," $6,114.58 "," $4,078.65 ", $249.56 ,,," $26,701.63 "," $6,200.48 ", $977.45 , $474.17 , $430.08 ," $34,783.80 "
26,6,2019,6/26/2019,24857.87,1787.15,663.47,1342.88,1534.77,394.98, $500.00 ," $6,006.84 "," $3,982.10 ", $248.65 ,,," $32,777.22 "," $5,866.86 ", $928.31 ," $1,351.35 ", $394.98 ," $41,318.71 "
27,6,2019,6/27/2019,32804.87,1776.34,547.03,1561.61,1486.77,480.56, $500.00 ," $5,997.05 "," $3,039.96 ", $246.77 ,,," $40,666.43 "," $4,913.91 ", $809.99 ," $1,570.08 ", $480.56 ," $48,440.96 "
28,6,2019,6/28/2019,13807.55,1857.64,485.87,1363.49,1274.49,353.85, $500.00 ," $5,356.59 "," $2,584.88 ", $240.96 ,,," $20,816.37 "," $4,540.13 ", $743.02 ," $1,371.96 ", $353.85 ," $27,825.32 "
29,6,2019,6/29/2019,3349.19,710.22,95.77,3.91,,0.74, $500.00 ," $2,663.84 "," $2,075.27 ", $263.55 ,,," $6,390.77 "," $2,883.10 ", $375.51 , $12.38 , $0.74 ," $9,662.49 "
30,6,2019,6/30/2019,3708.1,1049.43,103.29,0.25,,0.9, $500.00 ," $2,037.09 "," $1,310.39 ", $250.55 ,,," $6,122.93 "," $2,457.43 ", $370.03 , $8.72 , $0.90 ," $8,960.00 "
1,7,2019,7/1/2019," $18,336.17 "," $1,362.57 ", $569.46 ," $1,297.05 "," $1,590.63 ", $473.78 , $483.88 , $603.14 , $663.56 , $242.73 ,,," $20,895.50 "," $2,120.59 ", $827.85 ," $1,305.25 ", $473.78 ," $25,622.97 "
2,7,2019,7/2/2019," $15,476.06 "," $2,054.55 ", $681.49 , $920.69 ," $1,544.01 ", $423.55 , $483.88 , $499.09 ," $1,611.41 ", $241.57 ,,," $17,884.72 "," $3,760.42 ", $938.72 , $928.89 , $423.55 ," $23,936.30 "
3,7,2019,7/3/2019," $16,794.56 "," $2,057.13 ", $572.22 ," $1,297.31 "," $1,421.77 ", $256.78 , $483.88 , $480.36 ," $2,230.83 ", $254.30 ,,," $19,062.25 "," $4,382.42 ", $842.18 ," $1,305.51 ", $256.78 ," $25,849.14 "
4,7,2019,7/4/2019," $12,270.04 "," $1,412.00 ", $488.56 ," $1,101.50 "," $1,427.01 ", $147.14 , $483.88 , $287.10 ," $1,770.88 ", $254.30 ,,," $14,349.71 "," $3,277.34 ", $758.52 ," $1,109.70 ", $147.14 ," $19,642.41 "
5,7,2019,7/5/2019," $15,808.81 "," $1,924.18 ", $352.25 ," $1,133.75 "," $1,417.51 ", $90.40 , $483.88 ," $4,045.88 "," $1,955.00 ", $251.26 ,,," $21,637.76 "," $3,973.64 ", $619.17 ," $1,141.95 ", $90.40 ," $27,462.92 "
6,7,2019,7/6/2019," $5,949.52 ", $699.65 , $171.68 , $684.59 , $-   , $1.49 , $483.88 ," $1,329.03 "," $1,947.63 ", $263.63 ,,," $7,644.11 "," $2,741.74 ", $450.97 , $692.79 , $1.49 ," $11,531.10 "
7,7,2019,7/7/2019," $6,631.19 ", $767.32 , $313.41 ," $1,158.48 ", $-   , $0.25 , $483.88 ," $1,731.35 "," $1,760.52 ", $243.42 ,,," $8,728.10 "," $2,622.30 ", $572.49 ," $1,166.68 ", $0.25 ," $13,089.82 "
8,7,2019,7/8/2019," $19,466.02 "," $2,411.15 ", $298.83 ," $1,161.04 ", $828.25 , $50.88 , $483.88 ," $5,613.82 "," $2,068.33 ", $253.88 ,,," $26,273.65 "," $4,573.94 ", $568.37 ," $1,169.24 ", $50.88 ," $32,636.08 "
9,7,2019,7/9/2019," $17,937.80 "," $2,249.42 ", $350.12 ," $1,294.20 "," $1,308.72 ", $48.52 , $483.88 ," $5,560.82 "," $2,380.53 ", $252.76 ,,," $25,172.90 "," $4,724.41 ", $618.54 ," $1,302.40 ", $48.52 ," $31,866.77 "
10,7,2019,7/10/2019," $17,064.01 "," $2,128.21 ", $620.76 ," $1,100.71 "," $2,443.30 ", $50.49 , $483.88 ," $6,111.27 "," $2,606.99 ", $253.00 ,,," $25,984.14 "," $4,829.66 ", $889.42 ," $1,108.91 ", $50.49 ," $32,862.62 "
11,7,2019,7/11/2019," $16,549.74 "," $2,605.41 ", $879.57 ," $1,189.64 "," $1,426.75 ", $36.17 , $483.88 ," $5,634.00 "," $2,801.00 ", $253.00 ,,," $23,976.05 "," $5,500.87 "," $1,148.23 "," $1,197.84 ", $36.17 ," $31,859.16 "
12,7,2019,7/12/2019," $15,356.79 "," $5,611.36 ", $761.79 ," $1,354.59 "," $1,358.85 ", $37.17 , $483.88 ," $6,166.95 "," $3,398.35 ", $253.00 ,,," $23,248.15 "," $9,104.17 "," $1,030.45 "," $1,362.79 ", $37.17 ," $34,782.73 "
13,7,2019,7/13/2019," $3,676.34 "," $2,819.67 ", $420.26 , $966.08 , $-   , $1.61 , $483.88 ," $2,478.20 "," $1,895.44 ", $253.00 ,,," $6,520.10 "," $4,809.57 ", $688.92 , $974.28 , $1.61 ," $12,994.48 "
14,7,2019,7/14/2019," $3,928.63 "," $2,566.42 ", $514.00 ," $1,288.13 ",, $1.60 , $483.88 ," $3,186.74 "," $2,286.21 ", $253.00 ,,," $7,480.93 "," $4,947.09 ", $782.66 ," $1,296.33 ", $1.60 ," $14,508.61 "
15,7,2019,7/15/2019," $27,800.83 "," $9,412.93 ", $778.41 , $971.61 ," $1,596.54 ", $71.81 , $483.88 ," $6,113.52 "," $2,737.84 ", $253.00 ,,," $35,876.45 "," $12,245.23 "," $1,047.07 ", $979.81 , $71.81 ," $50,220.37 "
16,7,2019,7/16/2019," $25,997.40 "," $9,496.83 ", $807.91 , $713.71 ," $1,559.35 ", $90.15 , $483.88 ," $5,895.00 "," $2,947.00 ", $253.00 ,,," $33,817.31 "," $12,538.29 "," $1,076.57 ", $721.91 , $90.15 ," $48,244.23 "
17,7,2019,7/17/2019," $27,210.81 "," $7,088.24 ", $783.79 , $600.36 ," $1,519.49 ", $114.72 , $483.88 ," $6,120.00 "," $2,908.00 ", $253.00 ,,," $35,215.86 "," $10,090.70 "," $1,052.45 ", $608.56 , $114.72 ," $47,082.29 "
18,7,2019,7/18/2019," $24,824.91 "," $6,890.12 ", $881.10 , $701.34 , $752.73 , $69.10 , $483.88 ," $5,899.00 "," $2,779.00 ", $253.00 ,,," $31,842.20 "," $9,763.58 "," $1,149.76 ", $709.54 , $69.10 ," $43,534.18 "
19,7,2019,7/19/2019," $19,686.95 "," $6,027.28 ", $716.34 , $740.19 ," $2,052.22 ", $62.36 , $483.88 ," $5,840.24 "," $3,450.48 ", $253.00 ,,," $27,944.97 "," $9,572.22 ", $985.00 , $748.39 , $62.36 ," $39,312.94 "
20,7,2019,7/20/2019," $4,240.65 "," $2,899.24 ", $420.19 , $338.90 , $-   , $-   , $483.88 ," $1,538.74 "," $2,224.70 ", $253.00 ,,," $6,144.95 "," $5,218.40 ", $688.85 , $347.10 , $-   ," $12,399.30 "
21,7,2019,7/21/2019," $3,650.15 "," $2,015.40 ", $446.35 , $481.47 ,, $0.62 , $483.88 ," $1,381.32 "," $2,498.35 ", $253.00 ,,," $5,397.03 "," $4,608.21 ", $715.01 , $489.67 , $0.62 ," $11,210.54 "
22,7,2019,7/22/2019," $26,752.09 "," $4,733.39 ", $798.14 , $296.03 ," $1,607.53 ", $117.00 , $483.88 ," $4,832.21 "," $3,401.33 ", $253.00 ,,," $33,557.39 "," $8,229.18 "," $1,066.80 ", $304.23 , $117.00 ," $43,274.60 "
23,7,2019,7/23/2019," $24,340.52 "," $4,695.59 ", $824.96 , $325.11 ," $1,547.22 ", $126.34 , $483.88 ," $6,256.00 "," $3,026.00 ", $-   ,,," $32,509.30 "," $7,816.05 ", $840.62 , $333.31 , $126.34 ," $41,625.62 "
24,7,2019,7/24/2019," $22,070.64 "," $2,909.76 ", $902.91 , $379.85 ," $1,505.73 ", $84.45 , $483.88 ," $6,715.16 "," $4,553.93 ", $-   ,,," $30,657.09 "," $7,558.15 ", $918.57 , $388.05 , $84.45 ," $39,606.31 "
25,7,2019,7/25/2019," $21,421.66 "," $2,941.62 ", $810.99 , $457.84 , $879.65 , $106.22 , $483.88 ," $6,889.85 "," $3,842.86 ", $-   ,,," $29,556.72 "," $6,878.94 ", $826.65 , $466.04 , $106.22 ," $37,834.57 "
26,7,2019,7/26/2019," $18,659.72 "," $1,464.26 ", $819.12 , $230.37 ," $1,957.58 ", $70.13 , $483.88 ," $6,863.49 "," $4,470.21 ", $-   ,,," $27,846.35 "," $6,028.93 ", $834.78 , $238.57 , $70.13 ," $35,018.76 "
27,7,2019,7/27/2019," $5,313.47 ", $644.58 , $579.37 , $218.65 ,, $-   , $483.88 ," $2,453.02 "," $2,526.46 ", $-   ,,," $8,132.05 "," $3,265.50 ", $595.03 , $226.85 , $-   ," $12,219.43 "
28,7,2019,7/28/2019," $5,427.22 ", $714.28 , $542.00 , $286.45 ,, $1.12 , $483.88 ," $2,693.24 "," $2,489.36 ", $-   ,,," $8,486.02 "," $3,298.10 ", $557.66 , $294.65 , $1.12 ," $12,637.55 "
29,7,2019,7/29/2019," $26,414.12 "," $1,692.87 "," $1,189.79 ", $269.14 ," $1,540.57 ", $135.81 , $483.88 ," $2,639.24 "," $2,489.36 ", $-   ,,," $30,959.49 "," $4,276.69 "," $1,205.45 ", $277.34 , $135.81 ," $36,854.78 "
30,7,2019,7/30/2019," $25,915.11 "," $2,172.30 ", $985.68 , $334.28 ," $1,498.40 ", $114.38 , $483.88 ," $8,136.64 "," $2,382.02 ", $-   ,,," $35,915.71 "," $4,648.78 "," $1,001.34 ", $342.48 , $114.38 ," $42,022.69 "
31,7,2019,7/31/2019," $26,929.33 "," $2,284.69 "," $1,045.62 ", $353.68 ," $1,465.04 ", $120.52 , $483.88 ," $8,136.64 "," $2,382.02 ", $-   ,,," $36,896.57 "," $4,761.17 "," $1,061.28 ", $361.88 , $120.52 ," $43,201.42 "
1,8,2019,8/1/2019," $23,836.99 "," $1,924.71 "," $1,027.04 ", $350.11 , $997.11 , $58.59 , $483.88 ," $6,924.00 "," $1,180.00 ",,,," $32,123.66 "," $3,199.17 "," $1,042.70 ", $358.31 , $58.59 ," $36,782.43 "
2,8,2019,8/2/2019," $21,984.71 "," $1,688.50 ", $752.27 , $430.68 ," $1,996.05 ", $118.57 , $483.88 ," $5,930.84 "," $1,160.38 ",,,," $30,277.16 "," $2,943.34 ", $767.93 , $438.88 , $118.57 ," $34,545.88 "
3,8,2019,8/3/2019," $6,787.92 "," $1,081.12 ", $442.70 , $253.24 ,, $-   , $483.88 ," $2,875.00 ", $627.00 ,,,," $10,028.48 "," $1,802.58 ", $458.36 , $261.44 , $-   ," $12,550.86 "
4,8,2019,8/4/2019," $7,241.36 ", $902.65 , $433.65 , $487.67 ,, $-   , $483.88 ," $2,629.00 ", $608.00 ,,,," $10,235.92 "," $1,605.11 ", $449.31 , $495.87 , $-   ," $12,786.21 "
5,8,2019,8/5/2019," $25,695.71 "," $1,775.50 ", $854.85 , $517.11 ," $1,625.87 ", $113.33 , $483.88 ," $7,436.13 "," $1,057.78 ",,,," $35,123.27 "," $2,927.74 ", $870.51 , $525.31 , $113.33 ," $39,560.16 "
6,8,2019,8/6/2019," $24,421.35 "," $1,534.39 ", $937.21 , $237.21 ," $1,556.53 ", $127.92 , $483.88 ," $8,672.42 ", $966.00 ,,,," $35,015.86 "," $2,594.85 ", $952.87 , $245.41 , $127.92 ," $38,936.91 "
7,8,2019,8/7/2019," $23,785.96 "," $1,766.86 ", $906.89 , $351.39 ," $1,508.32 ", $93.33 , $483.88 ," $7,436.13 "," $1,057.78 ",,,," $33,095.97 "," $2,919.10 ", $922.55 , $359.59 , $93.33 ," $37,390.54 "
8,8,2019,8/8/2019," $22,621.31 "," $1,566.00 ", $929.90 , $291.38 , $734.78 , $104.85 , $483.88 ," $9,258.93 ", $954.71 ,,,," $32,980.58 "," $2,615.17 ", $945.56 , $299.58 , $104.85 ," $36,945.74 "
9,8,2019,8/9/2019," $20,370.86 "," $1,577.60 ", $722.50 , $129.68 ," $2,075.65 ", $86.67 , $483.88 ," $8,539.27 ", $899.31 ,,,," $31,351.34 "," $2,571.37 ", $738.16 , $137.88 , $86.67 ," $34,885.42 "
10,8,2019,8/10/2019," $7,340.69 ", $924.23 , $538.88 , $121.20 , $-   , $-   , $483.88 ," $1,965.00 ", $507.00 ,,,," $9,671.25 "," $1,525.69 ", $554.54 , $129.40 , $-   ," $11,880.88 "
11,8,2019,8/11/2019," $6,717.86 ", $853.07 , $561.58 , $126.72 , $-   , $-   , $483.88 ," $2,173.00 ", $537.00 ,,,," $9,256.42 "," $1,484.53 ", $577.24 , $134.92 , $-   ," $11,453.11 "
12,8,2019,8/12/2019," $28,347.69 "," $2,106.82 "," $1,111.66 ", $195.61 ," $1,621.79 ", $85.78 , $483.88 ," $9,209.00 "," $1,103.00 ",,,," $39,544.04 "," $3,304.28 "," $1,127.32 ", $203.81 , $85.78 ," $44,265.23 "
13,8,2019,8/13/2019," $24,542.37 "," $2,085.45 "," $1,175.27 ", $391.05 ," $1,573.71 ", $95.11 , $483.88 ," $9,501.41 ", $954.81 ,,,," $35,983.05 "," $3,134.72 "," $1,190.93 ", $399.25 , $95.11 ," $40,803.06 "
14,8,2019,8/14/2019," $42,603.95 "," $1,711.31 "," $1,003.26 ", $284.85 ," $1,518.13 ", $85.00 , $483.88 ," $10,245.84 "," $1,118.77 ",,,," $54,733.48 "," $2,924.54 "," $1,018.92 ", $293.05 , $85.00 ," $59,054.99 "
15,8,2019,8/15/2019," $44,407.64 "," $2,188.20 "," $1,250.75 ", $128.32 ," $1,021.17 ", $89.70 , $483.88 ," $11,401.54 "," $1,059.62 ",,,," $57,195.91 "," $3,342.28 "," $1,266.41 ", $136.52 , $89.70 ," $62,030.82 "
16,8,2019,8/16/2019," $44,815.84 "," $2,062.14 ", $877.45 , $161.78 , $977.92 , $60.62 , $483.88 ," $14,658.80 ", $918.08 ,,,," $60,818.12 "," $3,074.68 ", $893.11 , $169.98 , $60.62 ," $65,016.51 "
17,8,2019,8/17/2019," $8,387.35 "," $1,198.57 ", $722.21 , $257.86 , $-   , $1.37 , $483.88 ," $3,190.61 ", $635.29 ,,,," $11,943.52 "," $1,928.32 ", $737.87 , $266.06 , $1.37 ," $14,877.14 "
18,8,2019,8/18/2019," $8,408.70 ", $990.47 , $691.98 , $214.16 , $-   , $-   , $483.88 ," $3,308.79 ", $763.47 ,,,," $12,083.05 "," $1,848.40 ", $707.64 , $222.36 , $-   ," $14,861.45 "
19,8,2019,8/19/2019," $50,699.47 "," $2,287.49 "," $1,042.20 ", $239.85 ," $1,058.21 ", $78.45 , $483.88 ," $6,455.39 "," $1,021.36 ",,,," $58,578.63 "," $3,403.31 "," $1,057.86 ", $248.05 , $78.45 ," $63,366.30 "
20,8,2019,8/20/2019," $41,200.91 "," $2,464.54 "," $1,062.53 ", $306.66 ," $1,060.56 ", $65.81 , $483.88 ," $2,070.33 "," $1,007.00 ",,,," $44,697.36 "," $3,566.00 "," $1,078.19 ", $314.86 , $65.81 ," $49,722.22 "
21,8,2019,8/21/2019," $39,488.52 "," $2,338.80 "," $1,127.45 ", $355.86 , $454.95 , $76.35 , $483.88 ," $2,036.33 ", $981.00 ,,,," $42,345.36 "," $3,414.26 "," $1,143.11 ", $364.06 , $76.35 ," $47,343.14 "
22,8,2019,8/22/2019," $36,320.14 "," $2,282.31 ", $900.35 , $225.03 , $503.09 , $87.50 , $483.88 ," $2,024.78 ", $860.03 ,,,," $39,213.57 "," $3,236.80 ", $916.01 , $233.23 , $87.50 ," $43,687.11 "
23,8,2019,8/23/2019," $32,186.56 "," $1,802.24 ", $803.50 , $76.80 , $154.95 , $56.84 , $483.88 ," $1,903.86 "," $1,023.62 ",,,," $34,610.93 "," $2,920.32 ", $819.16 , $85.00 , $56.84 ," $38,492.25 "
24,8,2019,8/24/2019," $7,728.34 "," $1,295.64 ", $488.91 , $226.47 , $-   , $1.60 , $483.88 , $422.00 , $810.00 ,,,," $8,515.90 "," $2,200.10 ", $504.57 , $234.67 , $1.60 ," $11,456.84 "
25,8,2019,8/25/2019," $7,695.28 "," $1,094.82 ", $408.74 , $112.85 , $-   , $0.52 , $483.88 , $340.00 , $658.00 ,,,," $8,400.84 "," $1,847.28 ", $424.40 , $121.05 , $0.52 ," $10,794.09 "
26,8,2019,8/26/2019," $36,316.11 "," $1,868.69 ", $855.05 , $150.34 , $2.05 , $129.39 , $483.88 ," $2,197.00 "," $1,090.00 ",,,," $38,880.72 "," $3,053.15 ", $870.71 , $158.54 , $129.39 ," $43,092.51 "
27,8,2019,8/27/2019," $32,948.36 "," $1,624.74 ", $954.07 , $148.87 , $14.93 , $76.46 , $483.88 ," $2,485.00 "," $1,098.00 ",,,," $35,813.85 "," $2,817.20 ", $969.73 , $157.07 , $76.46 ," $39,834.31 "
28,8,2019,8/28/2019," $31,766.02 "," $1,491.93 "," $1,015.11 ", $218.18 , $29.50 , $57.65 , $483.88 ," $2,049.00 "," $1,034.00 ",,,," $34,210.08 "," $2,620.39 "," $1,030.77 ", $226.38 , $57.65 ," $38,145.27 "
29,8,2019,8/29/2019," $29,791.36 "," $1,426.53 ", $835.18 , $200.93 , $193.40 , $102.60 , $483.88 ," $5,786.20 "," $1,152.61 ",,,," $36,136.52 "," $2,673.60 ", $850.84 , $209.13 , $102.60 ," $39,972.69 "
30,8,2019,8/30/2019," $27,046.83 "," $1,236.39 ", $632.34 , $138.85 , $90.64 , $59.40 , $483.88 ," $4,599.30 ", $998.17 ,,,," $32,102.33 "," $2,329.02 ", $648.00 , $147.05 , $59.40 ," $35,285.80 "
31,8,2019,8/31/2019," $6,509.67 ", $725.85 , $315.03 , $67.55 , $-   , $-   , $483.88 ," $1,576.99 ", $628.26 ,,,," $8,452.22 "," $1,448.57 ", $330.69 , $75.75 , $-   ," $10,307.23 "
1,9,2019,9/1/2019," $5,998.02 ", $612.93 , $419.19 , $141.57 ,, $-   , $500.00 ," $1,571.80 ", $745.85 ,,,," $7,947.56 "," $1,456.39 ", $435.38 , $150.04 , $-   ," $9,989.36 "
2,9,2019,9/2/2019," $22,358.34 "," $1,064.75 ", $363.91 , $92.37 ,, $29.42 , $500.00 ," $3,499.03 ", $783.56 ,,,," $26,235.11 "," $1,945.92 ", $380.10 , $100.84 , $29.42 ," $28,691.38 "
3,9,2019,9/3/2019," $38,979.88 "," $1,519.00 ", $618.25 , $192.76 , $8.27 , $84.76 , $500.00 ," $5,430.65 "," $1,069.90 ",,,," $44,796.54 "," $2,686.51 ", $634.44 , $201.23 , $84.76 ," $48,403.47 "
4,9,2019,9/4/2019," $34,251.13 "," $1,578.23 ", $908.56 , $207.95 , $12.26 , $70.85 , $500.00 ," $5,125.55 "," $1,498.90 ",,,," $39,766.68 "," $3,174.74 ", $924.75 , $216.42 , $70.85 ," $44,153.43 "
5,9,2019,9/5/2019," $33,354.53 "," $1,736.34 ", $861.78 , $128.10 ,, $48.81 , $500.00 ," $4,565.82 "," $1,429.45 ",,,," $38,298.09 "," $3,263.40 ", $877.97 , $136.57 , $48.81 ," $42,624.83 "
6,9,2019,9/6/2019," $32,257.70 "," $1,605.76 ", $639.87 , $61.40 ,, $61.04 , $500.00 ," $3,034.00 "," $1,330.00 ",,,," $35,669.44 "," $3,033.37 ", $656.06 , $69.87 , $61.04 ," $39,489.77 "
7,9,2019,9/7/2019," $7,215.69 "," $1,062.19 ", $444.20 , $106.01 ,, $-   , $500.00 , $505.00 ," $1,100.00 ",,,," $8,098.43 "," $2,259.80 ", $460.39 , $114.48 , $-   ," $10,933.09 "
8,9,2019,9/8/2019," $7,016.74 ", $878.91 , $453.51 , $149.97 ,, $-   , $500.00 , $710.00 ," $1,075.00 ",,,," $8,104.48 "," $2,051.52 ", $469.70 , $158.44 , $-   ," $10,784.13 "
9,9,2019,9/9/2019," $36,209.95 "," $2,159.27 "," $1,013.21 ", $141.76 ,, $78.16 , $500.00 ," $3,150.00 "," $1,602.00 ",,,," $39,737.69 "," $3,858.88 "," $1,029.40 ", $150.23 , $78.16 ," $44,854.35 "
10,9,2019,9/10/2019," $38,167.12 "," $1,793.69 "," $1,508.69 ", $106.80 ,, $66.70 , $500.00 ," $3,034.00 "," $1,330.00 ",,,," $41,578.86 "," $3,221.30 "," $1,524.88 ", $115.27 , $66.70 ," $46,507.00 "
11,9,2019,9/11/2019," $38,206.30 "," $2,518.01 "," $1,436.51 ", $99.67 ,, $80.74 , $500.00 ," $2,407.00 "," $1,458.00 ",,,," $40,991.04 "," $4,073.62 "," $1,452.70 ", $108.14 , $80.74 ," $46,706.23 "
12,9,2019,9/12/2019," $40,277.28 "," $2,339.52 "," $1,231.50 ", $182.45 ,, $101.01 , $500.00 , $488.00 , $586.00 ,,,," $41,143.02 "," $3,023.13 "," $1,247.69 ", $190.92 , $101.01 ," $45,705.76 "
13,9,2019,9/13/2019," $36,843.05 "," $1,997.61 ", $862.29 , $151.87 ,, $76.91 , $500.00 ," $2,227.89 "," $1,417.76 ",,,," $39,448.68 "," $3,512.98 ", $878.48 , $160.34 , $76.91 ," $44,077.38 "
14,9,2019,9/14/2019," $7,526.38 ", $940.18 , $598.55 , $130.77 ,, $-   , $500.00 , $714.38 ," $1,130.01 ",,,," $8,618.50 "," $2,167.80 ", $614.74 , $139.24 , $-   ," $11,540.27 "
15,9,2019,9/15/2019," $7,837.74 ", $951.55 , $618.56 , $99.74 ,, $0.67 , $500.00 , $614.00 ," $1,489.00 ",,,," $8,829.48 "," $2,538.16 ", $634.75 , $108.21 , $0.67 ," $12,111.26 "
16,9,2019,9/16/2019," $43,820.32 "," $1,724.50 "," $1,619.28 ", $147.65 ,, $87.88 , $500.00 ," $2,234.00 ", $398.59 ,,,," $46,432.06 "," $2,220.70 "," $1,635.47 ", $156.12 , $87.88 ," $50,532.22 "
17,9,2019,9/17/2019," $41,208.26 "," $1,992.83 "," $1,565.88 ", $147.64 ,, $69.97 , $500.00 ," $2,088.00 "," $1,532.00 ",,,," $43,674.00 "," $3,622.44 "," $1,582.07 ", $156.11 , $69.97 ," $49,104.58 "
18,9,2019,9/18/2019," $40,645.44 "," $2,843.83 "," $1,248.91 ", $164.34 ,, $138.51 , $500.00 ," $1,853.00 "," $1,439.00 ",,,," $42,876.18 "," $4,380.44 "," $1,265.10 ", $172.81 , $138.51 ," $48,833.03 "
19,9,2019,9/19/2019," $41,609.55 "," $3,369.57 "," $1,576.08 ", $140.05 ,, $95.81 , $500.00 ," $2,236.00 "," $1,402.00 ",,,," $44,223.29 "," $4,869.18 "," $1,592.27 ", $148.52 , $95.81 ," $50,929.06 "
20,9,2019,9/20/2019," $35,372.93 "," $3,257.15 "," $1,337.30 ", $78.10 ,, $65.55 , $500.00 ," $1,852.00 "," $1,445.00 ",,,," $37,602.67 "," $4,799.76 "," $1,353.49 ", $86.57 , $65.55 ," $43,908.03 "
21,9,2019,9/21/2019," $7,775.07 "," $2,398.70 ", $790.80 , $118.21 ,, $1.10 , $500.00 , $698.00 , $970.00 ,,,," $8,850.81 "," $3,466.31 ", $806.99 , $126.68 , $1.10 ," $13,251.88 "
22,9,2019,9/22/2019," $7,256.10 "," $2,341.31 ", $788.02 , $122.48 ,, $1.08 , $500.00 , $577.00 ," $1,242.00 ",,,," $8,210.84 "," $3,680.92 ", $804.21 , $130.95 , $1.08 ," $12,827.99 "
23,9,2019,9/23/2019," $49,458.76 "," $3,586.45 "," $1,718.65 ", $174.01 ,, $118.39 , $500.00 ," $2,676.00 "," $1,523.00 ",,,," $52,512.50 "," $5,207.06 "," $1,734.84 ", $182.48 , $118.39 ," $59,755.26 "
24,9,2019,9/24/2019," $44,704.05 "," $3,476.78 "," $1,878.45 ", $77.86 ,, $96.86 , $500.00 ," $2,973.00 "," $1,507.00 ",,,," $48,054.79 "," $5,081.39 "," $1,894.64 ", $86.33 , $96.86 ," $55,214.00 "
25,9,2019,9/25/2019," $42,602.08 "," $4,218.69 "," $1,814.00 ", $208.12 ,, $83.48 , $500.00 ," $2,414.23 "," $1,466.88 ",,,," $45,394.05 "," $5,783.18 "," $1,830.19 ", $216.59 , $83.48 ," $53,307.48 "
26,9,2019,9/26/2019," $41,329.30 "," $3,177.52 "," $1,749.73 ", $124.51 ,, $103.82 , $500.00 ," $2,801.00 "," $1,488.00 ",,,," $44,508.04 "," $4,763.13 "," $1,765.92 ", $132.98 , $103.82 ," $51,273.88 "
27,9,2019,9/27/2019," $37,252.63 "," $3,057.47 "," $1,882.22 ", $92.04 ,, $112.06 , $500.00 ," $2,478.22 "," $1,464.58 ",,,," $40,108.59 "," $4,619.66 "," $1,898.41 ", $100.51 , $112.06 ," $46,839.22 "
28,9,2019,9/28/2019," $7,633.33 "," $1,979.95 "," $1,209.20 ", $173.33 ,, $-   , $500.00 , $640.68 ," $1,227.27 ",,,," $8,651.75 "," $3,304.83 "," $1,225.39 ", $181.80 , $-   ," $13,363.76 "
29,9,2019,9/29/2019," $7,167.46 "," $1,643.29 "," $1,237.18 ", $77.22 ,, $-   , $500.00 , $702.76 ," $1,218.18 ",,,," $8,247.96 "," $2,959.08 "," $1,253.37 ", $85.69 , $-   ," $12,546.09 "
30,9,2019,9/30/2019," $54,088.21 "," $3,508.00 "," $1,915.70 ", $282.31 ,, $171.83 , $500.00 ," $3,161.01 "," $1,442.33 ",,,," $57,626.96 "," $5,047.94 "," $1,931.89 ", $290.78 , $171.83 ," $65,069.39 "
1,10,2019,10/1/2019," $46,433.19 "," $3,416.82 "," $1,594.36 ", $226.59 ,, $99.22 , $483.87 ," $2,458.15 "," $1,527.65 ",,,," $49,356.11 "," $5,038.93 "," $1,610.02 ", $234.79 , $99.22 ," $56,339.06 "
2,10,2019,10/2/2019," $46,874.49 "," $3,503.16 "," $1,711.77 ", $152.00 ,, $87.48 , $483.87 ," $2,463.52 "," $1,448.80 ",,,," $49,791.04 "," $5,046.42 "," $1,727.44 ", $160.20 , $87.48 ," $56,812.57 "
3,10,2019,10/3/2019," $39,722.06 "," $3,071.89 "," $1,707.26 ", $207.66 ,, $87.85 , $483.87 ," $2,631.24 "," $1,495.93 ",,,," $42,806.70 "," $4,662.28 "," $1,722.92 ", $215.86 , $87.85 ," $49,495.60 "
4,10,2019,10/4/2019," $35,656.61 "," $2,539.06 "," $1,449.21 ", $119.47 ,, $68.87 , $483.87 ," $2,340.33 "," $1,455.53 ",,,," $38,431.36 "," $4,089.05 "," $1,464.87 ", $127.67 , $68.87 ," $44,181.82 "
5,10,2019,10/5/2019," $6,782.50 "," $1,962.25 "," $1,061.38 ", $121.77 ,, $1.71 , $483.87 ,1019.23,1235.68,,,," $8,168.99 "," $3,292.39 "," $1,077.04 ", $129.97 , $1.71 ," $12,670.10 "
6,10,2019,10/6/2019," $7,064.65 "," $1,931.12 "," $1,179.41 ", $224.61 ,,, $483.87 ," $1,356.94 "," $1,170.97 ",,,," $8,787.14 "," $3,196.55 "," $1,195.07 ", $232.81 , $-   ," $13,411.57 "
7,10,2019,10/7/2019," $49,297.02 "," $2,653.96 "," $2,092.90 ", $191.38 ,, $117.08 , $483.87 ," $2,851.75 "," $1,567.60 ",,,," $52,514.32 "," $4,316.02 "," $2,108.56 ", $199.58 , $117.08 ," $59,255.56 "
8,10,2019,10/8/2019," $46,156.92 "," $2,560.72 "," $1,833.86 ", $160.25 ,, $141.38 , $483.87 ," $2,938.93 "," $1,532.16 ",,,," $49,461.40 "," $4,187.34 "," $1,849.53 ", $168.45 , $141.38 ," $55,808.10 "
9,10,2019,10/9/2019," $42,960.87 "," $2,186.83 "," $1,875.26 ", $195.26 ,, $69.26 , $483.87 ," $3,101.14 "," $1,598.38 ",,,," $46,427.56 "," $3,879.67 "," $1,890.93 ", $203.46 , $69.26 ," $52,470.87 "
10,10,2019,10/10/2019," $41,438.64 "," $1,939.01 "," $1,919.71 ", $169.24 ,, $62.91 , $483.87 ," $3,023.94 "," $1,632.93 ",,,," $44,828.13 "," $3,666.40 "," $1,935.37 ", $177.44 , $62.91 ," $50,670.25 "
11,10,2019,10/11/2019," $36,079.63 "," $1,708.57 "," $1,373.92 ", $164.93 ,, $61.48 , $483.87 ," $2,463.47 "," $1,484.05 ",,,," $38,908.64 "," $3,287.08 "," $1,389.59 ", $173.13 , $61.48 ," $43,819.92 "
12,10,2019,10/12/2019," $8,321.20 "," $1,011.24 "," $1,175.15 ", $93.03 ,, $1.93 , $483.87 ," $1,259.03 "," $1,250.58 ",,,," $9,945.78 "," $2,356.28 "," $1,190.81 ", $101.23 , $1.93 ," $13,596.03 "
13,10,2019,10/13/2019," $8,160.50 ", $948.66 ," $1,227.27 ", $117.69 ,, $0.84 , $483.87 ," $1,798.65 "," $1,110.98 ",,,," $10,324.69 "," $2,154.11 "," $1,242.93 ", $125.89 , $0.84 ," $13,848.46 "
14,10,2019,10/14/2019," $44,233.88 "," $2,036.61 "," $1,684.05 ", $222.81 ,, $45.20 , $483.87 ," $3,808.53 "," $1,765.92 ",,,," $48,407.96 "," $3,896.99 "," $1,699.71 ", $231.01 , $45.20 ," $54,280.87 "
15,10,2019,10/15/2019," $48,335.72 "," $2,692.24 "," $1,798.46 ", $124.68 ,, $96.74 , $483.87 ," $3,910.34 "," $1,663.95 ",,,," $52,611.61 "," $4,450.66 "," $1,814.12 ", $132.88 , $96.74 ," $59,106.00 "
16,10,2019,10/16/2019," $43,946.81 "," $3,295.80 "," $1,710.25 ", $110.86 ,, $42.87 , $483.87 ," $3,741.90 "," $1,676.07 ",,,," $48,054.25 "," $5,066.33 "," $1,725.91 ", $119.06 , $42.87 ," $55,008.42 "
17,10,2019,10/17/2019," $40,618.78 "," $2,361.41 "," $1,573.58 ", $141.65 ,, $55.87 , $483.87 ," $3,583.30 "," $1,651.09 ",,,," $44,567.63 "," $4,106.96 "," $1,589.24 ", $149.85 , $55.87 ," $50,469.55 "
18,10,2019,10/18/2019," $36,808.61 "," $2,071.41 "," $1,376.75 ", $214.72 ,, $26.10 , $483.87 ," $3,847.54 "," $1,518.24 ",,,," $41,021.70 "," $3,684.11 "," $1,392.41 ", $222.92 , $26.10 ," $46,347.24 "
19,10,2019,10/19/2019," $9,473.76 "," $1,220.50 "," $1,066.23 ", $111.68 ,, $0.58 , $483.87 ," $2,847.70 "," $1,126.12 ",,,," $12,687.01 "," $2,441.08 "," $1,081.89 ", $119.88 , $0.58 ," $16,330.44 "
20,10,2019,10/20/2019," $9,453.62 "," $1,225.29 "," $1,128.63 ", $144.05 ,,, $483.87 ," $1,687.37 "," $1,108.96 ",,,," $11,506.54 "," $2,428.72 "," $1,144.29 ", $152.25 , $-   ," $15,231.79 "
21,10,2019,10/21/2019," $53,751.22 "," $2,441.85 "," $1,814.38 ", $120.84 ,, $27.73 , $483.87 ," $4,806.22 "," $1,649.42 ",,,," $58,922.99 "," $4,185.73 "," $1,830.04 ", $129.04 , $27.73 ," $65,095.52 "
22,10,2019,10/22/2019," $46,879.08 "," $2,479.22 "," $1,885.39 ", $215.41 ,, $60.61 , $483.87 ," $4,619.39 "," $1,568.45 ",,,," $51,864.02 "," $4,142.13 "," $1,901.05 ", $223.61 , $60.61 ," $58,191.42 "
23,10,2019,10/23/2019," $44,575.09 "," $2,624.84 "," $1,652.58 ", $193.17 ,, $81.10 , $483.87 ," $4,429.75 "," $1,493.58 ",,,," $49,370.39 "," $4,212.88 "," $1,668.24 ", $201.37 , $81.10 ," $55,533.97 "
24,10,2019,10/24/2019," $43,233.79 "," $2,012.00 "," $1,791.95 ", $331.23 ,, $55.69 , $483.87 ,4182.44,1745.09,,,," $47,781.78 "," $3,851.55 "," $1,807.61 ", $339.43 , $55.69 ," $53,836.06 "
25,10,2019,10/25/2019," $39,960.07 "," $2,224.94 "," $1,323.90 ", $374.10 ,, $78.13 , $483.87 ," $4,067.76 "," $1,701.34 ",,,," $44,393.38 "," $4,020.74 "," $1,339.56 ", $382.30 , $78.13 ," $50,214.11 "
26,10,2019,10/26/2019," $9,004.69 "," $1,224.59 ", $783.22 , $504.68 ,,, $483.87 ," $2,524.71 "," $1,317.03 ",,,," $11,894.95 "," $2,636.08 ", $798.88 , $512.87 , $-   ," $15,842.78 "
27,10,2019,10/27/2019," $8,969.91 ", $955.14 , $969.02 , $649.57 ,, $0.82 , $483.87 ," $2,442.89 "," $1,005.35 ",,,," $11,778.35 "," $2,054.95 ", $984.68 , $657.77 , $0.82 ," $15,476.56 "
28,10,2019,10/28/2019," $52,397.03 "," $1,913.54 "," $1,907.58 ", $625.71 ,, $102.67 , $483.87 ," $4,803.72 "," $1,671.26 ",,,," $57,566.30 "," $3,679.26 "," $1,923.24 ", $633.91 , $102.67 ," $63,905.38 "
29,10,2019,10/29/2019," $52,492.50 "," $2,785.90 "," $1,939.62 ", $692.97 ,, $107.84 , $483.87 ," $4,244.85 "," $1,864.39 ",,,," $57,102.90 "," $4,744.75 "," $1,955.29 ", $701.17 , $107.84 ," $64,611.95 "
30,10,2019,10/30/2019," $54,759.75 "," $3,561.55 "," $2,301.06 ", $710.48 ,, $71.10 , $483.87 ,4164.44,1785.28,,,," $59,360.84 "," $5,441.29 "," $2,316.73 ", $718.67 , $71.10 ," $67,908.63 "
31,10,2019,10/31/2019," $48,042.85 "," $2,804.00 "," $1,815.29 ", $549.92 ,, $71.90 , $483.87 ," $3,815.33 "," $1,564.03 ",,,," $52,223.73 "," $4,462.49 "," $1,830.95 ", $558.12 , $71.90 ," $59,147.19 "
